priority,word,normalized,is_proper_noun,familiarity,category_count,theme_count,themes,categories,decision,note
P0,gloves,gloves,0,0.577,11,10,clothing | farming | fashion | hobbies | home | medicine | misc | ocean | tools | trades,accessories | beekeeping | cleaning_supplies | cleaning_trade | diving_gear | fashion_accessories | first_aid | garden_tools | gardening_hobby | safety_gear | things_that_come_in_pairs,,
P0,compass,compass,0,0.534,11,9,education | geography | history | hobbies | law | ocean | science | technology | tools,camping_gear | diving_gear | exploration_words | inventions | map_words | measurement_devices | measuring_tools | military_things | navigation_tools | pirate_words | school_supplies,,
P0,candle,candle,0,0.554,10,9,art | entertainment | food | home | language | nature | properties | religion | time,birthday_things | church_things | decorative_things | hot_things | light_sources | lighting | party_things | things_that_melt | things_that_shrink | words_before_light,,
P0,camera,camera,0,0.696,12,8,entertainment | fashion | hobbies | home | science | space | technology | transport,astronaut_gear | birdwatching | fashion_show | gadgets | inventions | movie_words | phone_words | photography_hobby | screens | security_tech | things_with_buttons | travel_documents,,
P0,sand,sand,0,0.634,12,8,actions | art | farming | language | materials | nature | ocean | properties,building_actions | desert_things | ocean_products | powders | sculpture_materials | sea_shore_things | soft_things | soil_words | words_before_bag | words_before_box | words_before_paper | words_before_stone,,
P0,coin,coin,0,0.599,11,8,business | entertainment | hobbies | home | materials | misc | properties | tools,coins_and_bills | collecting_hobbies | magic_tricks | magic_words | money_words | round_things | shiny_things | things_in_a_junk_drawer | things_made_of_metal | things_that_have_a_face | things_that_spin,,
P0,thermometer,thermometer,0,0.46,10,8,body | home | lists | materials | medicine | science | technology | tools,first_aid | kitchen_gadgets | kitchen_tools | lab_equipment | measurement_devices | measuring_tools | medical_tools | medicine_cabinet | things_made_of_glass | weather_instruments,,
P0,saddle,saddle,0,0.533,9,8,animals | farming | history | language | materials | sports | sports_world | transport,barn_things | cycling_words | equestrian_words | horse_words | knights_and_armor | parts_of_a_bike | ranch_words | things_made_of_leather | words_before_bag,,
P0,net,net,0,0.68,11,7,education | entertainment | hobbies | language | ocean | properties | sports,circus_words | fishing_hobby | fishing_things | gym_class_things | harbor_things | hockey_words | soccer_words | tennis_words | things_with_holes | whaling_and_fishing | words_before_work,,
P0,salt,salt,0,0.657,11,7,food | materials | mythology | nature | ocean | properties | science,baking_ingredients | chemistry_words | experiments | ocean_products | pantry_staples | pie_ingredients | powders | rocks_and_minerals | soup_ingredients | superstitions | white_things,,
P0,rose,rose,1,0.689,10,7,culture | fashion | names | nature | plants | properties | world_food,flags_and_symbols | flowers | garden_flowers_summer | garden_plants | nature_names | perfume_words | red_things | short_names | shrubs | wines_and_drinks,,
P0,scarf,scarf,0,0.526,10,7,clothing | entertainment | fashion | hobbies | nature_more | skills | sports_world,accessories | clothing_items | fan_things | fashion_accessories | juggling_words | magic_tricks | magic_words | seasons_winter | things_you_tie | winter_clothing,,
P0,coffee,coffee,0,0.694,9,7,food | language | materials | misc | plants | science | transport,experiments | gas_station_things | hot_drinks | ice_cream_flavors | liquids | pantry_staples | tropical_plants | vending_machine_items | words_before_cake,,
P0,ladder,ladder,0,0.576,9,7,farming | home | materials | mythology | places | tools | trades,high_places | orchard_words | painting_supplies | painting_trade | roofing_words | superstitions | things_in_a_garage | things_made_of_metal | things_made_of_wood,,
P0,paint,paint,0,0.646,9,7,actions | education | hobbies | home | materials | species | tools,art_class_things | art_supplies | building_actions | crafting_materials | horse_breeds | liquids | model_building | painting_supplies | things_in_a_garage,,
P0,shell,shell,0,0.627,9,7,animals | hobbies | home | language | nature | ocean | properties,animal_coverings | animal_homes | collecting_hobbies | hard_things | ocean_products | sea_shore_things | things_that_break | things_that_open | words_before_fish,,
P0,tower,tower,0,0.643,9,7,geography | history | jargon | language | mythology | places | technology,aviation_words | castle_things | city_words | computer_parts | fairy_tale_things | high_places | kinds_of_buildings | wizards_and_spells | words_after_water,,
P0,basket,basket,0,0.581,8,7,business | farming | home | language | tools | transport | world_more,laundry_things | orchard_words | parts_of_a_bike | shopping_words | storage_containers | things_with_handles | words_before_ball | world_markets,,
P0,belt,belt,0,0.631,8,7,clothing | fashion | materials | properties | sports_world | tools | trades,accessories | auto_repair | boxes_and_cases | boxing_words | fashion_accessories | things_made_of_leather | things_with_holes | things_you_tie,,
P0,chair,chair,0,0.67,8,7,body | education | hobbies | home | language | materials | trades,barbershop_words | classroom_things | dentist_things | furniture | things_made_of_plastic | things_made_of_wood | video_gaming | words_before_man,,
P0,lens,lens,0,0.596,8,7,body | hobbies | materials | medicine | properties | space | technology,parts_of_the_eye | photography_hobby | photography_words | round_things | telescope_words | things_made_of_glass | transparent_things | vision_words,,
P0,siren,siren,0,0.494,8,7,law | medicine | mythology | ocean | properties | sounds | technology,bell_and_alarm | city_sounds | emergency_words | loud_things | mythical_monsters | police_things | sea_myths | security_tech,,
P0,anchor,anchor,0,0.574,7,7,history | jobs | materials | ocean | properties | tools | transport,fasteners | harbor_things | heavy_things | media_jobs | pirate_words | sailing_words | things_made_of_metal,,
P0,cone,cone,0,0.547,7,7,education | language | nature | nature_species | properties | science | transport,gym_class_things | pine_and_cones | road_things | shapes | things_that_are_sharp | tree_parts | words_after_snow,,
P0,frame,frame,0,0.654,7,7,art | farming | language | medicine | sports_world | technology | transport,beekeeping | bowling_words | museum_words | parts_of_a_bike | photography_words | vision_words | words_before_work,,
P0,Jasmine,jasmine,1,0.516,7,7,media | names | nature | plants | varieties | world_food | world_more,disney_characters | flowers | nature_names | rice_types | teas | tropical_flowers | vines,,
P0,wallet,wallet,0,0.593,7,7,business | clothing | fashion | home | materials | misc | transport,accessories | bags | money_words | things_in_a_purse | things_made_of_leather | things_that_open | travel_documents,,
P0,snow,snow,0,0.666,13,6,actions | food | language | nature | nature_more | properties,cold_things | mountain_things | quiet_things | seasons_winter | things_that_melt | water_states | weather_actions | weather_words | white_things | words_before_ball | words_before_bird | words_before_board | words_before_man,,
P0,cherry,cherry,0,0.597,12,6,food | food_more | nature | plants | properties | varieties,berries | dessert_toppings | fruit_trees | fruits | ice_cream_flavors | pie_ingredients | pie_types | red_things | things_with_seeds | tomato_varieties | toppings_and_garnish | trees,,
P0,glacier,glacier,1,0.511,10,6,food | geography | nature | nature_more | properties | science,cold_places | cold_things | landforms | mountain_things | national_parks_us | rock_cycle_words | slow_things | things_that_melt | things_that_shrink | water_states,,
P0,receipt,receipt,0,0.56,10,6,business | home | jargon | materials | misc | transport,accounting_words | gas_station_things | money_words | restaurant_words | shopping_words | things_in_a_junk_drawer | things_in_a_purse | things_in_a_wallet | things_made_of_paper | things_you_recycle,,
P0,cup,cup,0,0.73,9,6,hobbies | home | language | materials | sports | tools,board_game_pieces | dishes_and_glassware | magic_tricks | sports_gear_worn | things_made_of_plastic | things_measured_in_inches | things_that_hold_water | words_before_board | words_before_cake,,
P0,flashlight,flashlight,0,0.494,9,6,hobbies | home | law | misc | nature | ocean,camping_gear | diving_gear | light_sources | lighting | police_things | things_in_a_glove_box | things_in_a_junk_drawer | things_in_a_toolbox | things_on_a_keychain,,
P0,milk,milk,0,0.666,9,6,farming | food | language | materials | medicine | properties,baking_ingredients | body_fluids | cold_drinks | dairy_products | dairy_words | farm_products | liquids | white_things | words_before_man,,
P0,sugar,sugar,0,0.669,9,6,food | food_more | materials | medicine | properties | science,baking_ingredients | cookie_types | experiments | nutrition_words | pantry_staples | pie_ingredients | powders | things_that_melt | white_things,,
P0,crate,crate,0,0.496,8,6,farming | home | materials | ocean | trades | world_more,factory_words | orchard_words | storage_containers | things_made_of_plastic | things_made_of_wood | warehouse_words | whaling_and_fishing | world_markets,,
P0,hat,hat,0,0.647,8,6,clothing | entertainment | fashion | hobbies | mythology | time,accessories | birthday_things | clothing_items | fashion_accessories | fishing_hobby | magic_tricks | magic_words | wizards_and_spells,,
P0,level,level,0,0.773,8,6,actions | entertainment | home | misc | tools | trades,building_actions | carpentry_words | hand_tools | masonry_words | measuring_tools | sewing_and_repair | things_in_a_toolbox | video_game_words,,
P0,sword,sword,0,0.624,8,6,history | language | materials | mythology | properties | tools,knights_and_armor | magic_objects | pirate_words | things_made_of_metal | things_that_are_sharp | things_that_cut | weapons_of_the_past | words_before_fish,,
P0,syrup,syrup,0,0.537,8,6,food | food_more | materials | medicine | properties | science,baking_ingredients | condiments | dessert_toppings | drink_mixers | experiments | liquids | medicine_forms | sticky_things,,
P0,box,box,0,0.72,7,6,entertainment | hobbies | home | misc | properties | trades,magic_tricks | magic_words | square_things | storage_containers | things_that_open | things_you_recycle | warehouse_words,,
P0,clay,clay,0,0.613,7,6,art | education | farming | hobbies | nature | tools,art_class_things | art_supplies | crafting_materials | pottery_words | rocks_and_minerals | sculpture_materials | soil_words,,
P0,crab,crab,0,0.537,7,6,animals | animals_more | food | language | nature | ocean,animals_with_shells | crustaceans | ocean_animals | sea_shore_things | seafood | shellfish | words_before_cake,,
P0,cut,cut,0,0.749,7,6,body | entertainment | lists | medicine | skills | trades,butcher_words | card_tricks | card_words | gem_cuts | injuries | movie_words | things_that_hurt,,
P0,envelope,envelope,0,0.551,7,6,business | home | materials | misc | properties | tools,mail_words | office_supplies | square_things | storage_containers | things_made_of_paper | things_that_open | things_you_recycle,,
P0,filter,filter,0,0.611,7,6,hobbies | language | science | space | technology | trades,auto_repair | lab_actions | photography_hobby | photography_words | social_media_words | telescope_words | words_before_paper,,
P0,goggles,goggles,0,0.479,7,6,clothing | fashion | science | sports | sports_world | tools,eyewear | lab_equipment | safety_gear | skiing_words | sports_gear_worn | swimwear | workshop_things,,
P0,harvest,harvest,0,0.576,7,6,actions | farming | geography | nature | nature_more | plants,garden_actions | gardening_words | orchard_words | seasons_and_nature | seasons_fall | things_on_a_farm | vineyard_words,,
P0,library,library,0,0.694,7,6,education | geography | places | properties | religion | technology,kinds_of_buildings | monastery_life | programming_words | quiet_places | quiet_things | school_places | town_places,,
P0,mask,mask,0,0.616,7,6,fashion | misc | ocean | sports | time | tools,baseball_equipment | diving_gear | eyewear | halloween_things | safety_gear | sports_gear_worn | things_that_have_a_face,,
P0,pool,pool,0,0.667,7,6,home | lists | nature | nature_more | sports | transport,bodies_of_water | body_of_water_types | cave_things | hotel_words | seasons_summer | sports_venues | things_that_hold_water,,
P0,thread,thread,0,0.634,7,6,art | clothing | properties | technology | tools | trades,email_words | jewelry_making | light_things | sewing_supplies | sewing_words | social_media_words | tailor_words,,
P0,tile,tile,0,0.531,7,6,actions | art | hobbies | materials | properties | trades,board_game_pieces | building_actions | building_materials | hard_things | pottery_words | roofing_words | square_things,,
P0,badge,badge,0,0.574,6,6,business | clothing | hobbies | law | misc | technology,collecting_hobbies | office_words | police_things | security_tech | things_in_a_wallet | work_uniforms,,
P0,calendar,calendar,0,0.614,6,6,business | education | home | materials | time | tools,classroom_things | new_year_things | office_supplies | office_words | things_made_of_paper | things_on_a_wall,,
P0,comb,comb,0,0.503,6,6,farming | fashion | home | materials | medicine | trades,barbershop_words | bathroom_items | beauty_tools | beekeeping | hygiene | things_made_of_plastic,,
P0,flag,flag,0,0.654,6,6,culture | education | history | language | properties | sports,classroom_things | flags_and_symbols | golf_words | pirate_words | striped_things | words_before_stone,,
P0,flash,flash,1,0.636,6,6,hobbies | jargon | language | media | skills | technology,juggling_words | photography_hobby | photography_terms | photography_words | superheroes | words_before_light,,
P0,harness,harness,0,0.524,6,6,animals | farming | home | sports | tools | trades,barn_things | horse_words | pet_supplies | roofing_words | safety_gear | sports_gear_worn,,
P0,oven,oven,0,0.579,6,6,geography | hobbies | home | language | properties | trades,baker_words | cooking_hobby | hot_places | hot_things | kitchen_appliances | words_before_proof,,
P0,shed,shed,0,0.604,6,6,actions | farming | language | nature | places | tools,animal_actions | boxes_and_cases | farm_buildings | kinds_of_buildings | seasons_and_nature | words_after_water,,
P0,switch,switch,0,0.657,6,6,home | language | science | technology | trades | transport,electrical_words | electricity_words | power_and_batteries | things_on_a_wall | train_words | words_before_board,,
P0,umbrella,umbrella,0,0.556,6,6,clothing | home | mythology | nature | nature_more | tools,accessories | sea_shore_things | seasons_spring | superstitions | things_that_open | things_with_handles,,
P0,honey,honey,0,0.624,10,5,farming | food | properties | science | varieties,baking_ingredients | beekeeping | condiments | experiments | farm_products | honey_and_syrups | pantry_staples | sticky_things | things_you_spread | yellow_things,,
P0,tomato,tomato,0,0.55,10,5,food | language | nature | properties | world_food,garden_plants | pizza_toppings | red_things | salad_ingredients | sandwich_fillings | soup_ingredients | soups | things_with_seeds | vegetables | words_before_sauce,,
P1,moss,moss,0,0.556,9,5,nature | nature_more | nature_species | plants | properties,cave_things | green_things | mosses_and_lichens | soft_things | things_in_the_forest | things_that_grow | water_plants | weeds | wild_plants,,
P1,pencil,pencil,0,0.564,9,5,art | education | materials | properties | tools,art_supplies | art_tools | long_thin_things | office_supplies | school_supplies | things_made_of_wood | things_that_are_sharp | things_that_shrink | writing_tools,,
P1,Charger,charger,1,0.52,8,5,brands | home | misc | technology | transport,car_models | computer_parts | phone_words | power_and_batteries | things_in_a_glove_box | things_in_a_purse | things_that_plug_in | travel_documents,,
P1,cotton,cotton,0,0.621,8,5,clothing | farming | materials | plants | properties,crops | fabric_types | fabrics | farm_products | insulating_materials | light_things | soft_things | white_things,,
P1,hair,hair,0,0.726,8,5,animals | body | language | nature | properties,animal_coverings | light_things | long_thin_things | things_that_grow | things_that_grow_on_you | words_after_horse | words_before_ball | words_before_line,,
P1,horse,horse,0,0.68,8,5,animals | animals_more | farming | history | transport,farm_animals | knights_and_armor | livestock | pack_animals | ranch_words | things_that_carry_people | transportation_history | wild_west,,
P1,lime,lime,0,0.551,8,5,food | food_more | language | plants | properties,citrus_fruits | colors | drink_mixers | fruit_trees | fruits | green_things | words_before_light | words_before_stone,,
P1,rice,rice,0,0.65,8,5,food | language | plants | properties | time,crops | grains_and_beans | grasses | pantry_staples | soup_ingredients | wedding_things | white_things | words_before_cake,,
P1,arrow,arrow,0,0.59,7,5,history | lists | properties | sports_world | tools,archery_words | fast_things | long_thin_things | things_that_are_sharp | things_that_cut | vitamins_letters | weapons_of_the_past,,
P1,bulb,bulb,0,0.523,7,5,home | materials | nature | plants | properties,flower_parts | light_sources | lighting | seeds_and_bulbs | things_made_of_glass | things_that_break | underground_things,,
P1,cooler,cooler,0,0.566,7,5,hobbies | home | nature | sports | sports_world,camping_gear | fan_things | fishing_hobby | fishing_things | sea_shore_things | storage_containers | things_in_a_garage,,
P1,door,door,0,0.726,7,5,home | language | materials | tools | transport,car_parts | parts_of_a_house | things_made_of_wood | things_that_open | things_with_handles | words_after_back | words_before_man,,
P1,razor,razor,0,0.531,7,5,fashion | home | medicine | tools | trades,barbershop_words | bathroom_items | beauty_tools | blades | cutting_tools | hygiene | things_that_cut,,
P1,silver,silver,0,0.687,7,5,language | lists | materials | properties | science,colors | elements | elements_more | metals | precious_materials | shiny_things | words_before_fish,,
P1,banner,banner,0,0.589,6,5,art | business | entertainment | history | sports_world,advertising_words | castle_things | decorative_things | fan_things | knights_and_armor | party_things,,
P1,base,base,0,0.721,6,5,hobbies | language | law | science | sports,baseball_equipment | chemistry_words | military_words | model_building | words_before_ball | words_before_line,,
P1,canvas,canvas,0,0.566,6,5,art | clothing | education | materials | tools,art_class_things | art_supplies | art_tools | fabric_types | fabrics | painting_supplies,,
P1,column,column,0,0.619,6,5,home | jargon | language | media | nature_more,architecture_words | cave_things | newspaper_parts | parts_of_a_house | printing_and_type | writing_words,,
P1,comet,comet,0,0.52,6,5,nature | nature_more | properties | science | space,cloud_and_sky | fast_things | night_sky_things | solar_system_words | space_objects | things_in_the_sky_science,,
P1,deck,deck,0,0.63,6,5,entertainment | home | materials | sports_world | transport,card_words | magic_words | parts_of_a_house | sailing_words | skateboarding | things_made_of_wood,,
P1,eagle,eagle,0,0.59,6,5,animals | culture | nature | species | sports,birds | birds_of_prey | flags_and_symbols | flying_animals | golf_words | mountain_things,,
P1,fish,fish,0,0.7,6,5,animals | language | ocean | properties | religion,ocean_products | pond_animals | religious_symbols | smelly_things | words_after_sun | words_before_sauce,,
P1,gear,gear,0,0.637,6,5,language | sports | technology | tools | transport,cycling_words | parts_of_a_bike | robot_words | things_that_spin | words_after_head | words_before_box,,
P1,grape,grape,0,0.529,6,5,farming | food | nature | plants | varieties,berries | fruits | things_with_seeds | tomato_varieties | vines | vineyard_words,,
P1,jade,jade,0,0.54,6,5,art | fashion | materials | nature | plants,cactus_and_succulents | color_words_advanced | gemstones | houseplants | jewelry_stones | precious_materials,,
P1,mountain,mountain,0,0.676,6,5,geography | misc | nature_more | places | skills,biomes | cold_places | high_places | landforms | things_that_have_a_face | yoga_poses,,
P1,pot,pot,0,0.629,6,5,art | hobbies | home | ocean | plants,gardening_hobby | gardening_words | kitchen_tools | pottery_words | things_that_hold_water | whaling_and_fishing,,
P1,powder,powder,0,0.607,6,5,fashion | medicine | science | sports_world | trades,barbershop_words | experiments | makeup | medicine_forms | skiing_words | states_of_matter,,
P1,rack,rack,0,0.557,6,5,fashion | science | sports_world | tools | trades,baker_words | bowling_words | boxes_and_cases | butcher_words | fashion_show | lab_equipment,,
P1,roller,roller,0,0.57,6,5,art | fashion | tools | trades | transport,art_tools | beauty_tools | construction_equipment | painting_supplies | painting_trade | printing_words,,
P1,satellite,satellite,0,0.619,6,5,lists | nature | nature_more | science | transport,cloud_and_sky | night_sky_things | space_objects | space_travel | things_in_the_sky_science | weather_instruments,,
P1,sign,sign,0,0.726,6,5,entertainment | language | trades | transport | world_more,cleaning_trade | parking_words | reading_material | road_things | words_before_board | world_markets,,
P1,sled,sled,0,0.461,6,5,history | home | nature_more | transport | world_more,seasons_winter | things_in_a_garage | things_that_carry_people | transportation_history | vehicles | world_transport,,
P1,soap,soap,0,0.597,6,5,home | materials | medicine | properties | science,bathroom_items | cleaning_supplies | experiments | hygiene | liquids | things_that_shrink,,
P1,Square,square,1,0.691,6,5,brands | descriptive | science | tools | trades,carpentry_words | hand_tools | math_operations | payment_brands | shape_adjectives | shapes,,
P1,suitcase,suitcase,0,0.507,6,5,clothing | fashion | home | tools | transport,bags | things_that_open | things_with_handles | things_with_pockets | things_with_wheels | travel_documents,,
P1,vacuum,vacuum,0,0.584,6,5,actions | home | technology | tools | trades,cleaning_actions | cleaning_supplies | cleaning_tools | cleaning_trade | home_electronics | things_that_plug_in,,
P1,wheelbarrow,wheelbarrow,0,0.38,6,5,hobbies | home | tools | trades | transport,garden_tools | gardening_hobby | landscaping_words | masonry_words | things_in_a_garage | things_with_wheels,,
P1,wool,wool,0,0.559,6,5,animals | clothing | farming | materials | properties,animal_coverings | fabric_types | fabrics | farm_products | insulating_materials | soft_things,,
P1,wrench,wrench,0,0.481,6,5,home | materials | misc | tools | trades,auto_repair | hand_tools | plumbing_words | sewing_and_repair | things_in_a_toolbox | things_made_of_metal,,
P1,amber,amber,1,0.567,5,5,art | fashion | materials | names | ocean,color_words_advanced | nature_names | ocean_products | perfume_words | precious_materials,,
P1,camel,camel,0,0.52,5,5,animals | animals_more | history | nature | world_more,desert_things | pack_animals | transportation_history | world_transport | zoo_animals,,
P1,cash,cash,1,0.703,5,5,business | language | media | misc | world_more,famous_musicians | money_words | things_in_a_wallet | words_before_box | world_markets,,
P1,chess,chess,0,0.563,5,5,culture | entertainment | food_more | hobbies | sports,board_and_card_games | board_games | card_and_dice_games | hobby_verbs | pie_types,,
P1,compost,compost,0,0.459,5,5,actions | farming | home | materials | plants,garden_actions | gardening_words | recycled_materials | soil_words | trash_and_recycling,,
P1,conductor,conductor,0,0.543,5,5,education | entertainment | jobs | science | transport,electricity_words | instruments_in_an_orchestra | music_class_things | train_words | transport_jobs,,
P1,crystal,crystal,0,0.629,5,5,mythology | nature | nature_more | properties | science,cave_things | states_of_matter | things_that_grow | transparent_things | wizards_and_spells,,
P1,dial,dial,0,0.561,5,5,language | media | properties | time | tools,clock_words | radio_words | round_things | things_that_spin | words_after_sun,,
P1,down,down,0,0.84,5,5,animals | culture | geography | language | sports,animal_coverings | directions | football_words | opposites | words_before_side,,
P1,field,field,0,0.749,5,5,education | farming | geography | language | sports,harvest_words | school_places | sports_venues | things_on_a_farm | words_after_air,,
P1,flat,flat,0,0.674,5,5,clothing | descriptive | entertainment | fashion | jargon,footwear | music_words | shape_adjectives | shoe_styles | theater_stage_terms,,
P1,glitter,glitter,0,0.509,5,5,education | fashion | hobbies | properties | tools,art_class_things | art_supplies | crafting_materials | nail_words | shiny_things,,
P1,greenhouse,greenhouse,0,0.54,5,5,farming | geography | hobbies | materials | plants,farm_buildings | gardening_hobby | gardening_words | hot_places | things_made_of_glass,,
P1,jellyfish,jellyfish,0,0.464,5,5,animals | animals_more | nature | ocean | properties,coral_reef | jellyfish_and_soft | ocean_animals | sea_shore_things | transparent_things,,
P1,Jordan,jordan,1,0.644,5,5,geography | names | names_world | places | sports_world,asian_countries | middle_east_places | place_names_as_names | sports_legends | unisex_names,,
P1,judge,judge,0,0.707,5,5,actions | jobs | law | people | sports,courtroom_things | law_jobs | sports_officials | thinking_actions | titles_of_address,,
P1,mule,mule,0,0.491,5,5,animals | animals_more | farming | fashion | history,farm_animals | livestock | pack_animals | shoe_styles | transportation_history,,
P1,napkin,napkin,0,0.451,5,5,business | entertainment | home | materials | properties,fabrics_at_home | party_things | restaurant_words | square_things | things_made_of_paper,,
P1,pass,pass,0,0.721,5,5,actions | education | jargon | language | skills,card_tricks | grades_and_marks | kitchen_brigade | sports_actions | words_before_book,,
P1,pattern,pattern,0,0.651,5,5,clothing | hobbies | skills | tools | trades,juggling_words | knitting_words | sewing_supplies | sewing_words | tailor_words,,
P1,plum,plum,0,0.507,5,5,art | food | nature | plants | varieties,color_words_advanced | fruit_trees | fruits | things_with_seeds | tomato_varieties,,
P1,pollen,pollen,0,0.496,5,5,farming | nature | nature_more | plants | science,beekeeping | flower_parts | microscope_things | plant_parts | seasons_spring,,
P1,poster,poster,0,0.599,5,5,education | home | materials | misc | sports_world,classroom_things | fan_things | things_made_of_paper | things_on_a_wall | things_that_have_a_face,,
P1,safe,safe,0,0.724,5,5,language | materials | properties | technology | trades,heavy_things | locksmith_words | security_tech | things_made_of_metal | words_before_house,,
P1,sandpaper,sandpaper,0,0.39,5,5,hobbies | home | misc | tools | trades,model_building | painting_trade | sewing_and_repair | things_in_a_toolbox | workshop_things,,
P1,spider,spider,0,0.607,5,5,animals | language | nature_species | species | time,garden_bugs | halloween_things | insects | spiders_and_crawlers | words_before_man,,
P1,spray,spray,0,0.597,5,5,actions | art | medicine | ocean | sounds,medicine_forms | paint_types | sea_weather | water_actions | water_sounds,,
P1,sprinkler,sprinkler,0,0.436,5,5,farming | lists | nature_more | tools | trades,body_of_water_types | garden_tools | irrigation | landscaping_words | seasons_summer,,
P1,stage,stage,0,0.729,5,5,education | entertainment | hobbies | language | space,dance_class | rocket_parts | school_places | theater_words | words_after_back,,
P1,stone,stone,0,0.686,5,5,art | language | materials | nature | trades,animal_tracks_and_signs | building_materials | masonry_words | sculpture_materials | words_after_head,,
P1,string,string,0,0.629,5,5,hobbies | home | sports_world | technology | varieties,archery_words | bean_types | crafting_materials | programming_words | things_in_a_junk_drawer,,
P1,Subway,subway,1,0.579,5,5,brands | geography | nature | places | transport,city_words | fast_food_chains | underground_places | underground_things | vehicles,,
P1,title,title,0,0.729,5,5,education | language | law | names | sports,initials_and_titles | legal_documents | reading_words | sports_scoring | writing_words,,
P1,track,track,0,0.717,5,5,language | nature | sports | sports_world | transport,animal_tracks_and_signs | racing_words | sports_venues | train_words | words_after_back,,
P1,black,black,0,0.78,9,4,language | properties | varieties | world_food,bean_types | colors | olive_types | rice_types | teas | words_before_berry | words_before_bird | words_before_board | words_before_box,,
P1,glass,glass,0,0.693,9,4,art | home | materials | properties,building_materials | dishes_and_glassware | hard_things | recycled_materials | sculpture_materials | shiny_things | things_that_break | things_that_hold_water | transparent_things,,
P1,leaf,leaf,0,0.603,9,4,nature | nature_more | plants | properties,flower_parts | green_things | light_things | plant_parts | seasons_fall | things_in_the_forest | things_that_float | things_that_grow | tree_parts,,
P1,phone,phone,0,0.757,8,4,home | language | misc | technology,gadgets | office_machines | screens | things_in_a_purse | things_that_ring | things_with_buttons | words_after_head | words_before_book,,
P1,banana,banana,0,0.571,7,4,food | plants | properties | varieties,fruit_trees | fruits | ice_cream_flavors | pepper_varieties | tropical_fruits | tropical_plants | yellow_things,,
P1,cranberry,cranberry,0,0.453,7,4,food | food_more | language | varieties,berries | berry_varieties | drink_mixers | fruits | salad_ingredients | thanksgiving_foods | words_before_sauce,,
P1,cucumber,cucumber,0,0.487,7,4,food | nature | plants | properties,garden_plants | green_things | salad_ingredients | sandwich_fillings | things_with_seeds | vegetables | vines,,
P1,Fern,fern,1,0.467,7,4,names | nature | plants | properties,garden_plants | green_things | houseplants | nature_names | things_in_the_forest | tropical_plants | wild_plants,,
P1,lemon,lemon,0,0.586,7,4,food | plants | properties | world_food,citrus_fruits | fruit_trees | fruits | ice_cream_flavors | pie_ingredients | teas | yellow_things,,
P1,Popsicle,popsicle,1,0.403,7,4,brands | food | nature_more | properties,cold_things | desserts | frozen_foods | frozen_treat_brands | seasons_summer | snack_foods | things_that_melt,,
P1,radio,radio,0,0.716,7,4,home | law | science | technology,home_electronics | inventions | military_things | police_things | sound_devices | things_that_plug_in | things_with_buttons,,
P1,saw,saw,0,0.763,7,4,actions | language | tools | trades,building_actions | butcher_words | cutting_tools | hand_tools | power_tools | things_that_cut | words_after_hand,,
P1,snake,snake,0,0.604,7,4,animals | nature | properties | trades,desert_things | jungle_animals | long_thin_things | pets | plumbing_words | reptiles | spotted_and_striped,,
P1,sprint,sprint,0,0.566,7,4,actions | body | sports | sports_world,cycling_words | exercise_words | racing_sports | sports_actions | swimming_strokes | track_events | ways_of_moving,,
P1,strawberry,strawberry,0,0.531,7,4,food | nature | properties | varieties,berries | berry_varieties | fruits | garden_plants | ice_cream_flavors | red_things | things_with_seeds,,
P1,tractor,tractor,0,0.54,7,4,farming | geography | properties | transport,country_life | farm_machines | heavy_things | slow_things | things_on_a_farm | things_with_wheels | vehicles,,
P1,boom,boom,0,0.619,6,4,jargon | language | sounds | transport,loud_noises | musical_sounds | onomatopoeia | sailing_terms | sailing_words | words_before_box,,
P1,brick,brick,0,0.607,6,4,language | materials | properties | trades,building_materials | hard_things | masonry_words | red_things | square_things | words_before_work,,
P1,broom,broom,0,0.489,6,4,home | time | tools | trades,cleaning_supplies | cleaning_tools | cleaning_trade | halloween_things | things_in_a_garage | things_with_handles,,
P1,caramel,caramel,0,0.497,6,4,food | food_more | properties | varieties,candy | dessert_toppings | honey_and_syrups | ice_cream_flavors | sticky_things | things_that_melt,,
P1,eclipse,eclipse,0,0.544,6,4,nature | nature_more | science | space,cloud_and_sky | night_sky_things | solar_system_words | space_phenomena | things_in_the_sky_science | tide_and_moon,,
P1,flour,flour,0,0.571,6,4,food | materials | properties | trades,baker_words | baking_ingredients | pantry_staples | pie_ingredients | powders | white_things,,
P1,foam,foam,0,0.54,6,4,hobbies | materials | properties | science,crafting_materials | insulating_materials | light_things | soft_things | states_of_matter | things_that_float,,
P1,hammer,hammer,0,0.594,6,4,actions | home | misc | tools,building_actions | hand_tools | sewing_and_repair | things_in_a_toolbox | things_with_handles | workshop_things,,
P1,molasses,molasses,0,0.429,6,4,food | food_more | properties | varieties,baking_ingredients | cookie_types | honey_and_syrups | pie_ingredients | slow_things | sticky_things,,
P1,oyster,oyster,0,0.506,6,4,animals | food | ocean | plants,animals_with_shells | mushroom_types | ocean_animals | seafood | shellfish | shells,,
P1,painting,painting,0,0.657,6,4,art | entertainment | hobbies | home,art_forms | decorative_things | hobby_verbs | living_room_things | museum_words | things_on_a_wall,,
P1,peach,peach,0,0.539,6,4,food | food_more | nature | plants,fruit_trees | fruits | ice_cream_flavors | pie_ingredients | pie_types | things_with_seeds,,
P1,pizza,pizza,0,0.633,6,4,food | food_more | language | properties,cheese_dishes | fast_food_items | frozen_foods | italian_dishes | round_things | words_before_sauce,,
P1,printer,printer,0,0.561,6,4,business | education | home | technology,gadgets | office_machines | office_words | paper_types | things_that_plug_in | things_with_buttons,,
P1,rye,rye,0,0.503,6,4,food | food_more | plants | world_food,bread_types | crops | grains_and_beans | grasses | sandwich_breads | world_breads,,
P1,sunglasses,sunglasses,0,0.531,6,4,clothing | fashion | misc | transport,accessories | eyewear | fashion_accessories | things_in_a_glove_box | things_in_a_purse | travel_documents,,
P1,theater,theater,0,0.621,6,4,education | entertainment | geography | places,art_forms | field_trip_places | kinds_of_buildings | places_you_wait | quiet_places | town_places,,
P1,throw,throw,0,0.69,6,4,actions | home | skills | sports_world,fabrics_at_home | hand_actions | juggling_words | self_defense_moves | sports_actions | wrestling_words,,
P1,tuna,tuna,0,0.52,6,4,animals | food | nature_species | ocean,fish_species | ocean_animals | pantry_staples | saltwater_fish | sandwich_fillings | seafood,,
P1,vase,vase,0,0.506,6,4,art | home | materials | properties,decorative_things | living_room_things | pottery_words | things_made_of_glass | things_that_break | things_that_hold_water,,
P1,waffle,waffle,0,0.471,6,4,food | food_more | properties | world_food,breakfast_foods | egg_and_dairy_dishes | frozen_foods | square_things | street_food | things_with_holes,,
P1,acorn,acorn,0,0.44,5,4,nature | nature_more | plants | varieties,melons_and_squash | seasons_fall | seeds_and_bulbs | things_in_the_forest | tree_parts,,
P1,ant,ant,0,0.551,5,4,animals | language | nature | nature_species,animal_tracks_and_signs | garden_bugs | insects | pests | words_after_fire,,
P1,avocado,avocado,0,0.493,5,4,food | nature | plants | properties,fruit_trees | green_things | salad_ingredients | sandwich_fillings | things_with_seeds,,
P1,bandage,bandage,0,0.463,5,4,body | clothing | medicine | skills,first_aid | first_aid_actions | hospital_things | medicine_cabinet | things_worn_on_hands,,
P1,barrel,barrel,0,0.596,5,4,farming | home | language | materials,storage_containers | things_made_of_wood | things_that_hold_water | vineyard_words | words_after_rain,,
P1,basil,basil,0,0.521,5,4,food | nature | plants | varieties,garden_plants | herbs | mint_and_herbs_varieties | pizza_toppings | spices_and_herbs,,
P1,beetle,beetle,1,0.504,5,4,animals | brands | farming | nature_species,animals_with_shells | car_models | garden_bugs | insects | pest_control,,
P1,bleach,bleach,0,0.501,5,4,clothing | home | materials | properties,cleaning_supplies | laundry_care | laundry_things | liquids | smelly_things,,
P1,bolt,bolt,0,0.577,5,4,actions | home | tools | trades,building_actions | fasteners | locksmith_words | sewing_and_repair | things_that_stick_out,,
P1,bone,bone,0,0.639,5,4,history | language | properties | science,archaeology_words | body_science | hard_things | white_things | words_after_back,,
P1,budget,budget,0,0.689,5,4,actions | business | descriptive | law,business_words | government_branches | money_actions | money_words | value_words,,
P1,burrow,burrow,0,0.443,5,4,actions | animals | nature | places,animal_actions | animal_homes | animal_verbs | underground_places | underground_things,,
P1,cable,cable,0,0.649,5,4,entertainment | hobbies | technology | trades,computer_parts | electrical_words | power_and_batteries | tv_words | video_gaming,,
P1,cactus,cactus,0,0.486,5,4,history | nature | plants | properties,cactus_and_succulents | desert_things | green_things | houseplants | wild_west,,
P1,calculator,calculator,0,0.509,5,4,education | home | technology | tools,office_machines | office_supplies | school_supplies | screens | things_with_buttons,,
P1,canoe,canoe,0,0.5,5,4,history | materials | transport | world_more,boats | things_made_of_wood | transportation_history | vehicles | world_transport,,
P1,charcoal,charcoal,0,0.511,5,4,art | education | materials | tools,art_supplies | art_tools | color_words_advanced | things_that_burn | writing_tools,,
P1,child,child,0,0.757,5,4,language | nature | people | skills,family_members | life_stages | things_that_grow | words_before_proof | yoga_poses,,
P1,chime,chime,0,0.449,5,4,entertainment | misc | sounds | time,bell_and_alarm | clock_words | musical_sounds | percussion | things_that_ring,,
P1,cobbler,cobbler,0,0.403,5,4,food | history | jobs | world_food,desserts | historic_jobs | old_professions | repair_jobs | southern_dishes,,
P1,console,console,0,0.583,5,4,entertainment | hobbies | home | technology,gadgets | living_room_things | screens | video_game_words | video_gaming,,
P1,coral,coral,0,0.551,5,4,animals | art | nature | ocean,color_words_advanced | coral_reef | gemstones | ocean_animals | ocean_products,,
P1,crayon,crayon,0,0.436,5,4,education | entertainment | food | tools,art_supplies | school_supplies | things_that_melt | toys | writing_tools,,
P1,cricket,cricket,0,0.627,5,4,animals | nature_species | sports | world_more,garden_bugs | insects | nocturnal_animals | team_sports | world_sports,,
P1,croissant,croissant,0,0.397,5,4,food | food_more | world_food | world_more,bread_types | breakfast_foods | french_dishes | sandwich_breads | world_breakfasts,,
P1,crow,crow,0,0.543,5,4,animals | farming | properties | skills,birds | black_things | flying_animals | pest_control | yoga_poses,,
P1,dean,dean,1,0.629,5,4,education | jobs | names | people,college_words | famous_job_titles | school_jobs | short_names | titles_of_address,,
P1,drop,drop,0,0.713,5,4,food_more | language | medicine | skills,candy_shapes | juggling_words | medicine_forms | words_after_back | words_after_rain,,
P1,elevator,elevator,0,0.564,5,4,home | places | science | transport,hotel_words | inventions | rooms_in_public_buildings | things_that_carry_people | things_with_buttons,,
P1,floss,floss,0,0.454,5,4,body | home | medicine | skills,bathroom_items | dance_moves | dental_words | dentist_things | hygiene,,
P1,focaccia,focaccia,0,0.296,5,4,food | food_more | skills | world_food,bread_types | italian_dishes | pizza_styles | sandwich_breads | world_breads,,
P1,freezer,freezer,0,0.523,5,4,geography | home | properties | trades,butcher_words | cold_places | cold_things | kitchen_appliances | things_that_plug_in,,
P1,gas,gas,0,0.716,5,4,language | science | trades | transport,energy_words | gas_station_things | states_of_matter | welding_words | words_before_light,,
P1,gym,gym,0,0.633,5,4,education | geography | language | sports,school_places | school_subjects | sports_venues | town_places | words_before_bag,,
P1,hail,hail,0,0.56,5,4,actions | language | nature | properties,cold_things | water_states | weather_actions | weather_words | words_before_stone,,
P1,heel,heel,0,0.549,5,4,body | clothing | fashion | jargon,body_parts | footwear | sailing_terms | shoe_parts | shoe_styles,,
P1,hem,hem,0,0.463,5,4,clothing | fashion | tools | trades,clothing_parts | sewing_patterns | sewing_supplies | sewing_words | tailor_words,,
P1,highlighter,highlighter,0,0.404,5,4,education | fashion | properties | tools,makeup | office_supplies | school_supplies | writing_tools | yellow_things,,
P1,icicle,icicle,0,0.347,5,4,food | nature | nature_more | properties,cold_things | seasons_winter | things_that_are_sharp | things_that_melt | water_states,,
P1,jump rope,jump rope,0,0.567,5,4,culture | education | entertainment | sports,card_and_dice_games | gym_class_things | gym_equipment | playground_games | toys,,
P1,king,king,0,0.739,5,4,entertainment | history | hobbies | language,card_words | chess_words | royalty | storybook_characters | words_before_fish,,
P1,lift,lift,0,0.643,5,4,actions | science | sports_world | trades,auto_repair | carrying_actions | magnets_and_forces | opening_actions | skiing_words,,
P1,mulch,mulch,0,0.414,5,4,actions | farming | plants | trades,garden_actions | gardening_words | landscaping_words | orchard_words | soil_words,,
P1,newspaper,newspaper,0,0.657,5,4,entertainment | home | materials | misc,reading_material | recycled_materials | things_made_of_paper | things_you_recycle | trash_and_recycling,,
P1,pecan,pecan,0,0.419,5,4,food | food_more | plants | world_food,fruit_trees | nuts_and_seeds | nuts_world | pie_ingredients | pie_types,,
P1,piano,piano,0,0.616,5,4,education | entertainment | jargon | properties,heavy_things | instruments_you_strum | music_class_things | music_tempo_terms | musical_instruments,,
P1,popcorn,popcorn,0,0.533,5,4,entertainment | food | misc | world_food,amusement_park | circus_words | snack_foods | street_food | vending_machine_items,,
P1,pressure,pressure,0,0.716,5,4,body | jargon | ocean | science,deep_sea | magnets_and_forces | senses_and_perception | weather_forecast_terms | weather_science,,
P1,purse,purse,0,0.564,5,4,clothing | fashion | materials | tools,accessories | bags | things_made_of_leather | things_with_handles | things_with_pockets,,
P1,rain,rain,1,0.673,5,4,actions | names | nature | nature_more,nature_names | seasons_spring | water_states | weather_actions | weather_words,,
P1,ramp,ramp,0,0.547,5,4,ocean | sports_world | trades | transport,harbor_things | parking_words | road_things | skateboarding | warehouse_words,,
P1,refrigerator,refrigerator,0,0.516,5,4,geography | home | properties | science,cold_places | cold_things | heavy_things | inventions | kitchen_appliances,,
P1,rinse,rinse,0,0.497,5,4,actions | body | clothing | skills,cleaning_actions | dentist_things | first_aid_actions | laundry_care | water_actions,,
P1,robin,robin,1,0.619,5,4,animals | media | nature_more | species,birds | flying_animals | seasons_spring | songbirds | superheroes,,
P1,ruler,ruler,0,0.549,5,4,education | materials | properties | tools,long_thin_things | measuring_tools | office_supplies | school_supplies | things_made_of_plastic,,
P1,salsa,salsa,0,0.504,5,4,culture | entertainment | food | world_food,condiments | dance_styles | mexican_dishes | sauces | world_dances,,
P1,school,school,0,0.816,5,4,animals | geography | language | places,animal_groups | kinds_of_buildings | town_places | words_before_house | words_before_master,,
P1,screw,screw,0,0.607,5,4,actions | home | language | tools,building_actions | fasteners | sewing_and_repair | things_in_a_junk_drawer | words_before_ball,,
P1,shovel,shovel,0,0.5,5,4,farming | home | nature_more | tools,barn_things | garden_tools | seasons_winter | things_in_a_garage | things_with_handles,,
P1,shrimp,shrimp,0,0.541,5,4,animals | animals_more | food | ocean,crustaceans | ocean_animals | pizza_toppings | seafood | shellfish,,
P1,snap,snap,0,0.601,5,4,actions | sounds | sports | tools,destroying_actions | football_words | onomatopoeia | scary_sounds | sewing_supplies,,
P1,stable,stable,0,0.64,5,4,animals | farming | geography | places,animal_homes | farm_buildings | horse_words | places_with_animals | things_on_a_farm,,
P1,telescope,telescope,0,0.536,5,4,history | ocean | science | transport,exploration_words | inventions | navigation_tools | space_travel | things_in_the_sky_science,,
P1,tulip,tulip,0,0.454,5,4,culture | nature | nature_more | plants,flags_and_symbols | flowers | garden_flowers_spring | garden_plants | seasons_spring,,
P1,tweezers,tweezers,0,0.396,5,4,body | fashion | hobbies | medicine,beauty_tools | first_aid | medical_tools | medicine_cabinet | model_building,,
P1,vine,vine,0,0.533,5,4,farming | nature | plants | varieties,plant_parts | things_that_grow | tomato_varieties | vineyard_words | wild_plants,,
P1,vinegar,vinegar,0,0.52,5,4,food | materials | properties | world_food,condiments | fermented_foods | liquids | pantry_staples | smelly_things,,
P1,walnut,walnut,0,0.509,5,4,food | nature | plants | world_food,fruit_trees | nuts_and_seeds | nuts_world | salad_ingredients | trees,,
P1,watermelon,watermelon,0,0.479,5,4,food | nature | nature_more | varieties,bbq_foods | fruits | melons_and_squash | seasons_summer | things_with_seeds,,
P1,alley,alley,0,0.553,4,4,geography | places | sports | sports_world,bowling_words | city_words | sports_venues | streets_and_roads,,
P1,Amazon,amazon,1,0.65,4,4,business | geography | places | world_more,rivers | tech_companies | world_deserts_and_seas | world_rivers,,
P1,Austin,austin,1,0.623,4,4,cities | geography | names | places,place_names_as_names | southern_cities | state_capitals | us_cities,,
P1,barbecue,barbecue,0,0.517,4,4,food_more | language | nature_more | world_food,cooking_methods | sauces | seasons_summer | words_before_sauce,,
P1,barometer,barometer,0,0.454,4,4,lists | science | technology | tools,measurement_devices | measuring_tools | weather_instruments | weather_science,,
P1,bead,bead,0,0.491,4,4,art | hobbies | tools | trades,art_supplies | crafting_materials | jewelry_making | welding_words,,
P1,bob,bob,1,0.661,4,4,body | fashion | names | people,hair_words | hairstyles | nicknames | nicknames_for_names,,
P1,boil,boil,0,0.547,4,4,actions | food_more | science | sounds,cooking_actions | cooking_methods | kitchen_sounds | lab_actions,,
P1,boss,boss,0,0.68,4,4,business | entertainment | jobs | people,famous_job_titles | office_words | relationships | video_game_words,,
P1,buffet,buffet,0,0.506,4,4,business | geography | places | transport,hotel_words | places_to_eat | places_you_wait | restaurant_words,,
P1,buzzer,buzzer,0,0.486,4,4,media | misc | sports | technology,basketball_words | game_shows | security_tech | things_that_ring,,
P1,canal,canal,0,0.603,4,4,farming | history | lists | nature,bodies_of_water | body_of_water_types | industrial_revolution | irrigation,,
P1,cap,cap,0,0.644,4,4,clothing | language | sports | sports_world,baseball_equipment | fan_things | hats | words_after_snow,,
P1,caterpillar,caterpillar,0,0.483,4,4,animals | farming | nature_species | properties,garden_bugs | insects | pest_control | slow_things,,
P1,catfish,catfish,0,0.479,4,4,food | ocean | species | world_food,fish_species | pond_fish | seafood | southern_dishes,,
P1,caulk,caulk,0,0.327,4,4,actions | home | tools | trades,adhesives | building_actions | painting_trade | sewing_and_repair,,
P1,centipede,centipede,1,0.399,4,4,animals | culture | nature_species | species,garden_bugs | insects | spiders_and_crawlers | video_game_classics,,
P1,checkout,checkout,0,0.52,4,4,business | education | geography | transport,hotel_words | library_words | places_you_wait | shopping_words,,
P1,chestnut,chestnut,0,0.494,4,4,food | nature | nature_more | world_food,nuts_and_seeds | nuts_world | seasons_fall | trees,,
P1,choir,choir,0,0.554,4,4,education | language | people | religion,church_things | groups_of_people | music_class_things | words_before_master,,
P1,chop,chop,0,0.539,4,4,actions | food | ocean | sounds,cooking_actions | kitchen_sounds | meats | sea_weather,,
P1,cider,cider,0,0.5,4,4,farming | food | world_food | world_more,farm_products | hot_drinks | wines_and_drinks | world_teas_and_drinks,,
P1,cluster,cluster,0,0.57,4,4,farming | food_more | nature_species | science,candy_shapes | pine_and_cones | space_objects | vineyard_words,,
P1,comic,comic,0,0.631,4,4,entertainment | hobbies | language | media,collecting_hobbies | magazines | reading_material | words_before_book,,
P1,coop,coop,0,0.487,4,4,animals | farming | geography | places,animal_homes | farm_buildings | places_with_animals | things_on_a_farm,,
P1,crescent,crescent,0,0.51,4,4,culture | nature_more | religion | science,flags_and_symbols | religious_symbols | shapes | tide_and_moon,,
P1,crop,crop,0,0.593,4,4,farming | geography | nature | technology,harvest_words | photography_words | things_on_a_farm | things_that_grow,,
P1,Daniel,daniel,1,0.66,4,4,lists | names | people | religion,bible_books | bible_figures | biblical_names | boys_names,,
P1,doll,doll,0,0.58,4,4,entertainment | hobbies | language | misc,collecting_hobbies | things_that_have_a_face | toys | words_before_house,,
P1,dove,dove,0,0.524,4,4,entertainment | hobbies | properties | religion,magic_tricks | magic_words | religious_symbols | white_things,,
P1,dry,dry,0,0.677,4,4,actions | clothing | culture | descriptive,cleaning_actions | laundry_care | opposites | wetness_words,,
P1,dust,dust,0,0.63,4,4,actions | materials | nature | properties,animal_tracks_and_signs | cleaning_actions | light_things | powders,,
P1,elbow,elbow,0,0.549,4,4,body | language | skills | trades,body_parts | plumbing_words | self_defense_moves | words_before_room,,
P1,emerald,emerald,0,0.514,4,4,fashion | materials | nature | properties,gemstones | green_things | jewelry_stones | precious_materials,,
P1,fertilizer,fertilizer,0,0.489,4,4,farming | hobbies | plants | trades,gardening_hobby | gardening_words | landscaping_words | soil_words,,
P1,folder,folder,0,0.534,4,4,education | home | technology | tools,file_types | office_supplies | school_supplies | storage_containers,,
P1,font,font,0,0.543,4,4,jargon | language | religion | trades,church_things | printing_and_type | printing_words | writing_words,,
P1,fossil,fossil,0,0.57,4,4,history | nature | nature_more | science,archaeology_words | cave_things | rock_cycle_words | underground_things,,
P1,gauge,gauge,0,0.574,4,4,hobbies | ocean | technology | tools,diving_gear | knitting_words | measurement_devices | measuring_tools,,
P1,granite,granite,0,0.551,4,4,art | materials | nature | properties,building_materials | hard_things | rocks_and_minerals | sculpture_materials,,
P1,grill,grill,0,0.549,4,4,actions | food_more | home | places,cooking_actions | cooking_methods | kitchen_appliances | places_to_eat,,
P1,growl,growl,0,0.449,4,4,actions | animals | body | sounds,animal_sounds | body_sounds | scary_sounds | ways_of_speaking,,
P1,gutter,gutter,0,0.483,4,4,home | language | sports_world | trades,bowling_words | parts_of_a_house | roofing_words | words_after_rain,,
P1,hinge,hinge,0,0.474,4,4,home | materials | tools | trades,fasteners | locksmith_words | sewing_and_repair | things_made_of_metal,,
P1,hoop,hoop,0,0.487,4,4,clothing | education | properties | sports,basketball_words | gym_class_things | jewelry | round_things,,
P1,jackhammer,jackhammer,0,0.333,4,4,properties | sounds | tools | transport,city_sounds | construction_equipment | loud_things | power_tools,,
P1,jersey,jersey,0,0.666,4,4,materials | species | sports | sports_world,cattle_and_farm_breeds | cycling_words | fabric_types | fan_things,,
P1,juice,juice,0,0.623,4,4,food | food_more | materials | misc,cold_drinks | drink_mixers | liquids | vending_machine_items,,
P1,knot,knot,0,0.531,4,4,actions | clothing | nature | transport,joining_actions | sailing_words | things_you_tie | tree_parts,,
P1,label,label,0,0.633,4,4,business | entertainment | tools | trades,mail_words | office_supplies | reading_material | warehouse_words,,
P1,license,license,0,0.646,4,4,education | hobbies | law | misc,degrees_and_titles | fishing_hobby | legal_documents | things_in_a_wallet,,
P1,Lily,lily,1,0.564,4,4,names | nature | people | plants,flowers | garden_flowers_summer | girls_names | nature_names,,
P1,lodge,lodge,0,0.583,4,4,animals | geography | places | sports_world,animal_homes | national_parks | places_you_sleep | skiing_words,,
P1,lotus,lotus,0,0.517,4,4,plants | religion | skills | world_more,religious_symbols | tropical_flowers | water_plants | yoga_poses,,
P1,lumber,lumber,0,0.513,4,4,farming | materials | tools | trades,building_materials | carpentry_words | farm_products | workshop_things,,
P1,mason,mason,1,0.591,4,4,history | jobs | names_world | people,boys_names | building_trades | nature_surnames | old_professions,,
P1,metal,metal,0,0.689,4,4,art | entertainment | language | properties,hard_things | music_genres | sculpture_materials | words_before_work,,
P1,meteor,meteor,0,0.507,4,4,nature | nature_more | science | space,cloud_and_sky | night_sky_things | solar_system_words | space_objects,,
P1,miller,miller,1,0.643,4,4,history | jobs | names | names_world,common_surnames | historic_jobs | nature_surnames | old_professions,,
P1,moccasin,moccasin,0,0.329,4,4,clothing | culture | fashion | world_more,footwear | shoe_styles | traditional_clothing | world_hats_and_dress,,
P1,mop,mop,0,0.484,4,4,actions | home | tools | trades,cleaning_actions | cleaning_supplies | cleaning_tools | cleaning_trade,,
P1,ornament,ornament,0,0.474,4,4,art | materials | properties | time,christmas_things | decorative_things | things_made_of_glass | things_that_break,,
P1,outlet,outlet,0,0.571,4,4,home | science | technology | trades,electrical_words | electricity_words | power_and_batteries | things_on_a_wall,,
P1,panel,panel,0,0.65,4,4,fashion | media | people | trades,comic_words | electrical_words | groups_of_people | sewing_patterns,,
P1,patch,patch,0,0.6,4,4,home | language | medicine | tools,medicine_forms | sewing_and_repair | sewing_supplies | words_before_work,,
P1,peanut,peanut,1,0.557,4,4,food | names | plants | world_food,crops | nuts_and_seeds | nuts_world | pet_names,,
P1,perch,perch,0,0.47,4,4,actions | animals | ocean | species,animal_actions | animal_verbs | fish_species | pond_fish,,
P1,planner,planner,0,0.504,4,4,education | jobs | misc | tools,office_jobs | office_supplies | school_supplies | things_in_a_purse,,
P1,plaque,plaque,0,0.527,4,4,art | body | home | medicine,dental_words | dentist_things | museum_words | things_on_a_wall,,
P1,porridge,porridge,0,0.444,4,4,food | food_more | mythology | world_more,breakfast_cereals_types | breakfast_foods | fairy_tale_things | world_breakfasts,,
P1,pottery,pottery,0,0.529,4,4,art | entertainment | history | properties,archaeology_words | art_forms | crafts | things_that_break,,
P1,primer,primer,0,0.5,4,4,art | fashion | tools | trades,makeup | paint_types | painting_supplies | painting_trade,,
P1,pump,pump,0,0.611,4,4,clothing | farming | fashion | transport,footwear | gas_station_things | irrigation | shoe_styles,,
P1,putty,putty,0,0.413,4,4,hobbies | home | tools | trades,adhesives | model_building | painting_trade | sewing_and_repair,,
P1,radar,radar,0,0.6,4,4,jargon | lists | ocean | science,aviation_words | navigation_tools | weather_instruments | weather_science,,
P1,rake,rake,0,0.483,4,4,actions | home | nature_more | tools,garden_actions | garden_tools | seasons_fall | things_in_a_garage,,
P1,Ranger,ranger,1,0.554,4,4,brands | geography | jobs | law,car_models | emergency_jobs | emergency_services | national_parks,,
P1,record,record,0,0.744,4,4,hobbies | science | sports | tools,collecting_hobbies | lab_actions | sports_scoring | things_that_spin,,
P1,review,review,0,0.731,4,4,actions | education | language | media,learning_actions | newspaper_parts | school_actions | words_after_book,,
P1,ridge,ridge,0,0.589,4,4,geography | hobbies | nature | trades,hiking_words | landforms | mountain_things | roofing_words,,
P1,roast,roast,0,0.553,4,4,actions | entertainment | food | food_more,comedy_words | cooking_actions | cooking_methods | meats,,
P1,robot,robot,0,0.606,4,4,entertainment | skills | technology | trades,dance_moves | factory_words | robot_words | toys,,
P1,rough,rough,0,0.641,4,4,art | descriptive | ocean | sports,golf_words | sea_weather | temperature_feel | textures,,
P1,row,row,0,0.657,4,4,body | farming | hobbies | plants,exercise_words | gardening_words | knitting_words | orchard_words,,
P1,ruby,ruby,0,0.569,4,4,fashion | materials | nature | properties,gemstones | jewelry_stones | precious_materials | red_things,,
P1,runway,runway,0,0.56,4,4,business | fashion | jargon | transport,airport_words | aviation_words | fashion_show | startup_words,,
P1,Ruth,ruth,1,0.579,4,4,lists | names | religion | sports_world,bible_books | bible_figures | biblical_names | sports_legends,,
P1,slug,slug,0,0.473,4,4,animals | farming | nature_species | properties,garden_bugs | pest_control | pests | slow_things,,
P1,smoke,smoke,0,0.667,4,4,entertainment | food_more | nature | properties,cloud_and_sky | cooking_methods | magic_words | smelly_things,,
P1,snowman,snowman,0,0.451,4,4,misc | nature_more | properties | time,christmas_things | seasons_winter | things_that_have_a_face | things_that_shrink,,
P1,spanish,spanish,1,0.676,4,4,education | language | people | varieties,languages | nationalities | olive_types | school_subjects,,
P1,spear,spear,0,0.529,4,4,history | properties | sports | tools,fishing_things | things_that_are_sharp | things_that_cut | weapons_of_the_past,,
P1,sphinx,sphinx,1,0.429,4,4,entertainment | geography | history | mythology,egypt_things | famous_landmarks | fantasy_creatures | mythical_monsters,,
P1,squeegee,squeegee,0,0.314,4,4,home | tools | trades | transport,cleaning_supplies | cleaning_tools | cleaning_trade | gas_station_things,,
P1,squid,squid,0,0.491,4,4,animals | animals_more | food | ocean,deep_sea | jellyfish_and_soft | ocean_animals | seafood,,
P1,stopwatch,stopwatch,0,0.37,4,4,education | technology | time | tools,clock_words | gym_class_things | measurement_devices | measuring_tools,,
P1,straight,straight,0,0.72,4,4,descriptive | entertainment | geography | skills,card_words | directions | poker_hands | shape_adjectives,,
P1,summit,summit,0,0.614,4,4,geography | hobbies | nature | places,high_places | hiking_words | landforms | mountain_things,,
P1,thimble,thimble,0,0.361,4,4,clothing | hobbies | tools | trades,collecting_hobbies | sewing_supplies | sewing_words | tailor_words,,
P1,tom,tom,1,0.69,4,4,animals_more | media | names | people,animal_names_male_female | cartoon_characters | nicknames | nicknames_for_names,,
P1,toothbrush,toothbrush,0,0.483,4,4,body | home | medicine | tools,bathroom_items | cleaning_tools | dentist_things | hygiene,,
P1,trap,trap,0,0.619,4,4,body | ocean | sports | trades,fishing_things | muscles | plumbing_words | whaling_and_fishing,,
P1,triangle,triangle,0,0.561,4,4,education | entertainment | science | skills,music_class_things | percussion | shapes | yoga_poses,,
P1,trowel,trowel,0,0.35,4,4,history | hobbies | tools | trades,archaeology_words | garden_tools | gardening_hobby | masonry_words,,
P1,veil,veil,0,0.523,4,4,clothing | farming | properties | time,beekeeping | formal_wear | transparent_things | wedding_things,,
P1,Violet,violet,1,0.549,4,4,names | nature | plants | properties,colors | flowers | houseplants | nature_names,,
P1,visor,visor,0,0.426,4,4,clothing | fashion | history | space,astronaut_gear | eyewear | hats | knights_and_armor,,
P1,wedge,wedge,0,0.517,4,4,clothing | fashion | sports | tools,footwear | golf_words | shoe_styles | things_that_stick_out,,
P1,whisk,whisk,0,0.444,4,4,actions | hobbies | home | sounds,cooking_actions | cooking_hobby | kitchen_sounds | kitchen_tools,,
P1,wrap,wrap,0,0.6,4,4,fashion | food | food_more | trades,butcher_words | fast_food_items | nail_words | sandwich_types,,
P1,yield,yield,0,0.594,4,4,actions | farming | law | transport,driving_actions | harvest_words | safety_signs | traffic_signs,,
P2,butter,butter,0,0.629,8,3,food | properties | varieties,baking_ingredients | cooking_fats | dairy_products | lettuce_and_greens | pie_ingredients | things_that_melt | things_you_spread | yellow_things,,
P2,bud,bud,0,0.583,7,3,nature | nature_more | plants,flower_parts | leaf_shapes | plant_parts | seasons_and_nature | seasons_spring | things_that_grow | tree_parts,,
P2,carrot,carrot,0,0.517,7,3,food | language | nature,cake_types | garden_plants | root_vegetables | salad_ingredients | soup_ingredients | vegetables | words_before_cake,,
P2,goose,goose,0,0.549,7,3,animals | animals_more | language,birds | farm_animals | farm_bird_words | flying_animals | pond_animals | waterfowl | words_before_berry,,
P2,marker,marker,0,0.553,7,3,education | hobbies | tools,art_class_things | art_supplies | board_game_pieces | knitting_words | office_supplies | school_supplies | writing_tools,,
P2,sausage,sausage,0,0.543,7,3,food | trades | world_food,bbq_foods | breakfast_foods | butcher_words | cured_meats | german_dishes | meats | pizza_toppings,,
P2,speaker,speaker,0,0.641,7,3,home | properties | technology,computer_parts | gadgets | living_room_things | loud_things | phone_words | sound_devices | things_that_plug_in,,
P2,spinach,spinach,0,0.497,7,3,food | properties | varieties,frozen_foods | green_things | leafy_greens | lettuce_and_greens | pizza_toppings | salad_ingredients | vegetables,,
P2,blender,blender,0,0.49,6,3,home | technology | tools,home_electronics | kitchen_appliances | kitchen_tools | things_that_plug_in | things_that_spin | things_with_buttons,,
P2,bubble,bubble,0,0.594,6,3,entertainment | properties | sounds,kitchen_sounds | light_things | round_things | things_that_float | toys | transparent_things,,
P2,buoy,buoy,0,0.429,6,3,ocean | properties | transport,diving_gear | harbor_things | navigation_tools | sailing_words | things_that_float | whaling_and_fishing,,
P2,buzz,buzz,1,0.579,6,3,animals | media | sounds,animal_sounds | bell_and_alarm | disney_characters | machine_sounds | nature_sounds | onomatopoeia,,
P2,captain,captain,0,0.699,6,3,jargon | jobs | people,famous_job_titles | military_ranks | nautical_ranks | sea_jobs | titles_of_address | transport_jobs,,
P2,chisel,chisel,0,0.423,6,3,art | tools | trades,art_tools | carpentry_words | cutting_tools | hand_tools | masonry_words | things_that_stick_out,,
P2,ice cream,ice cream,0,0.639,6,3,food | properties | time,birthday_things | cold_things | dairy_products | desserts | frozen_foods | things_that_melt,,
P2,Ivy,ivy,1,0.547,6,3,names | nature | plants,garden_plants | houseplants | nature_names | vines | weeds | wild_plants,,
P2,lamp,lamp,0,0.579,6,3,home | mythology | nature,bedroom_things | light_sources | lighting | living_room_things | magic_objects | things_that_plug_in,,
P2,lettuce,lettuce,0,0.509,6,3,food | nature | properties,garden_plants | green_things | leafy_greens | salad_ingredients | sandwich_fillings | vegetables,,
P2,marshmallow,marshmallow,0,0.45,6,3,food | food_more | properties,candy | dessert_toppings | soft_things | sticky_things | things_that_melt | white_things,,
P2,mustard,mustard,0,0.527,6,3,art | food | properties,bbq_foods | color_words_advanced | condiments | sandwich_fillings | things_you_spread | yellow_things,,
P2,referee,referee,0,0.551,6,3,jobs | sports | sports_world,boxing_words | football_words | jobs_that_wear_uniforms | sports_jobs | sports_officials | wrestling_words,,
P2,roar,roar,0,0.529,6,3,actions | animals | sounds,animal_sounds | loud_noises | machine_sounds | nature_sounds | water_sounds | ways_of_laughing,,
P2,sprout,sprout,0,0.444,6,3,nature | nature_more | plants,gardening_words | leaf_shapes | plant_parts | seasons_and_nature | seasons_spring | seeds_and_bulbs,,
P2,television,television,0,0.684,6,3,home | science | technology,home_electronics | inventions | living_room_things | screens | things_on_a_wall | things_that_plug_in,,
P2,tiger,tiger,1,0.614,6,3,animals | names | properties,jungle_animals | pet_names | spotted_and_striped | striped_things | wild_cats | zoo_animals,,
P2,uniform,uniform,0,0.619,6,3,education | law | trades,cleaning_trade | factory_words | gym_class_things | military_things | police_things | prison_words,,
P2,vest,vest,0,0.533,6,3,clothing | law | tools,clothing_items | police_things | safety_gear | things_with_pockets | things_you_button | work_uniforms,,
P2,whisper,whisper,0,0.534,6,3,actions | properties | sounds,nature_sounds | quiet_actions | quiet_sounds | quiet_things | scary_sounds | ways_of_speaking,,
P2,back,back,0,0.863,5,3,body | geography | language,body_parts | directions | words_after_horse | words_before_ground | words_before_light,,
P2,bean,bean,0,0.569,5,3,food | nature | plants,garden_plants | soup_ingredients | things_with_seeds | vegetables | vines,,
P2,blade,blade,0,0.599,5,3,plants | properties | tools,blades | cutting_tools | leaf_shapes | shiny_things | things_that_cut,,
P2,blueberry,blueberry,0,0.471,5,3,food | food_more | varieties,berries | berry_varieties | fruits | pie_ingredients | pie_types,,
P2,broth,broth,0,0.484,5,3,food | materials | world_food,hot_drinks | liquids | pantry_staples | soup_ingredients | soups,,
P2,cat,cat,0,0.683,5,3,animals | language | properties,farm_animals | pets | quiet_things | words_before_bird | words_before_fish,,
P2,clam,clam,0,0.46,5,3,animals | food | ocean,animals_with_shells | ocean_animals | seafood | shellfish | shells,,
P2,cuff,cuff,0,0.501,5,3,clothing | fashion | language,clothing_parts | sewing_patterns | sewing_words | things_you_button | words_after_hand,,
P2,curb,curb,0,0.541,5,3,geography | language | transport,city_words | parking_words | road_things | words_before_side | words_before_stone,,
P2,dog,dog,0,0.729,5,3,animals | animals_more | language,farm_animals | pack_animals | pets | words_before_fish | words_before_house,,
P2,drawer,drawer,0,0.54,5,3,fashion | home | tools,boxes_and_cases | storage_containers | things_that_open | things_with_handles | wardrobe_care,,
P2,ferry,ferry,0,0.574,5,3,history | transport | world_more,boats | things_that_carry_people | transportation_history | vehicles | world_transport,,
P2,frog,frog,0,0.556,5,3,animals | entertainment | properties,amphibians_and_bugs | green_things | jungle_animals | pond_animals | storybook_characters,,
P2,frost,frost,0,0.564,5,3,nature | nature_more | properties,cold_things | seasons_and_nature | seasons_winter | water_states | weather_words,,
P2,frosting,frosting,0,0.436,5,3,food | food_more | properties,baking_ingredients | dessert_toppings | sticky_things | things_that_melt | things_you_spread,,
P2,gravity,gravity,0,0.601,5,3,science | space | transport,magnets_and_forces | solar_system_words | space_measurements | space_travel | things_in_the_sky_science,,
P2,high,high,0,0.821,5,3,culture | jargon | language,opposites | weather_forecast_terms | words_before_ball | words_before_ground | words_before_light,,
P2,hiss,hiss,0,0.436,5,3,actions | animals | sounds,animal_sounds | kitchen_sounds | onomatopoeia | water_sounds | ways_of_speaking,,
P2,iguana,iguana,0,0.391,5,3,animals | animals_more | species,exotic_pets | jungle_animals | lizards | pets | reptiles,,
P2,jar,jar,0,0.561,5,3,home | materials | misc,dishes_and_glassware | storage_containers | things_made_of_glass | things_that_open | things_you_recycle,,
P2,kettle,kettle,0,0.506,5,3,home | materials | tools,kitchen_appliances | things_made_of_metal | things_that_hold_water | things_that_plug_in | things_with_handles,,
P2,lion,lion,0,0.607,5,3,animals | culture | language,african_animals | flags_and_symbols | wild_cats | words_before_fish | zoo_animals,,
P2,mark,mark,1,0.721,5,3,language | lists | names,bible_books | biblical_names | short_names | words_after_book | words_after_water,,
P2,oat,oat,0,0.414,5,3,food | language | plants,baking_ingredients | crops | grains_and_beans | grasses | words_before_cake,,
P2,parsley,parsley,0,0.467,5,3,food | food_more | plants,herbs | leafy_greens | soup_ingredients | spices_and_herbs | toppings_and_garnish,,
P2,pilot,pilot,0,0.646,5,3,entertainment | jobs | transport,airport_words | jobs_that_wear_uniforms | sea_jobs | transport_jobs | tv_words,,
P2,pita,pita,0,0.429,5,3,food | food_more | world_food,bread_types | greek_dishes | middle_eastern_dishes | sandwich_breads | world_breads,,
P2,rabbit,rabbit,0,0.579,5,3,animals | entertainment | farming,farm_animals | livestock | magic_words | pest_control | pets,,
P2,radish,radish,0,0.397,5,3,food | language | properties,red_things | root_vegetables | salad_ingredients | vegetables | words_after_horse,,
P2,road,road,0,0.749,5,3,language | places | properties,streets_and_roads | striped_things | words_before_house | words_before_side | words_before_work,,
P2,silk,silk,0,0.587,5,3,clothing | materials | properties,fabric_types | fabrics | precious_materials | quiet_things | soft_things,,
P2,spaghetti,spaghetti,0,0.521,5,3,food | properties | varieties,italian_dishes | long_thin_things | melons_and_squash | pantry_staples | pasta_shapes,,
P2,splash,splash,0,0.55,5,3,actions | language | sounds,nature_sounds | onomatopoeia | water_actions | water_sounds | words_after_back,,
P2,spoon,spoon,0,0.554,5,3,hobbies | home | materials,collecting_hobbies | kitchen_tools | silverware | things_made_of_metal | things_made_of_wood,,
P2,storm,storm,1,0.666,5,3,language | media | nature,superheroes | weather_words | words_after_fire | words_after_rain | words_after_snow,,
P2,strap,strap,0,0.541,5,3,clothing | hobbies | materials,clothing_parts | music_practice | photography_hobby | shoe_parts | things_made_of_leather,,
P2,swan,swan,0,0.549,5,3,animals | animals_more | properties,birds | flying_animals | pond_animals | waterfowl | white_things,,
P2,sweater,sweater,0,0.54,5,3,clothing | nature_more | properties,clothing_items | seasons_fall | things_that_shrink | things_you_button | winter_clothing,,
P2,tape measure,tape measure,0,0.604,5,3,misc | tools | trades,hand_tools | measuring_tools | sewing_supplies | tailor_words | things_in_a_toolbox,,
P2,tortoise,tortoise,0,0.466,5,3,animals | animals_more | properties,animals_with_shells | exotic_pets | reptiles | slow_things | turtles_and_tortoises,,
P2,tray,tray,0,0.536,5,3,home | tools | trades,baker_words | boxes_and_cases | dishes_and_glassware | painting_supplies | painting_trade,,
P2,wheat,wheat,0,0.573,5,3,food | food_more | plants,bread_types | crops | grains_and_beans | grasses | sandwich_breads,,
P2,window,window,0,0.686,5,3,home | materials | properties,parts_of_a_house | square_things | things_made_of_glass | things_that_open | transparent_things,,
P2,witness,witness,0,0.646,5,3,business | law | people,courtroom_things | crowd_words | detective_words | insurance_and_legal | people_in_a_story,,
P2,zebra,zebra,0,0.486,5,3,animals | animals_more | properties,african_animals | antelope_and_grazers | spotted_and_striped | striped_things | zoo_animals,,
P2,air,air,0,0.767,4,3,language | materials | properties,insulating_materials | transparent_things | words_before_bag | words_before_line,,
P2,aluminum,aluminum,0,0.573,4,3,lists | materials | science,building_materials | elements_more | metals | recycled_materials,,
P2,aphid,aphid,0,0.341,4,3,animals | farming | nature_species,garden_bugs | insects | pest_control | pests,,
P2,Aspen,aspen,1,0.49,4,3,cities | names | nature,nature_names | place_names_as_names | resort_towns | trees,,
P2,bagel,bagel,0,0.454,4,3,food | food_more | properties,bread_types | breakfast_foods | round_things | sandwich_breads,,
P2,baking soda,baking soda,0,0.524,4,3,food | materials | science,baking_ingredients | experiments | pantry_staples | powders,,
P2,barnacle,barnacle,0,0.364,4,3,animals | animals_more | ocean,animals_with_shells | crustaceans | ocean_animals | shellfish,,
P2,blossom,blossom,0,0.517,4,3,farming | nature | nature_more,flower_parts | orchard_words | seasons_and_nature | seasons_spring,,
P2,boulder,boulder,0,0.53,4,3,nature | nature_more | properties,heavy_things | mountain_things | rock_formations | rocks_and_minerals,,
P2,bowl,bowl,0,0.661,4,3,art | home | sports_world,dishes_and_glassware | pet_supplies | pottery_words | skateboarding,,
P2,brake,brake,0,0.564,4,3,actions | sports | transport,car_parts | cycling_words | driving_actions | parts_of_a_bike,,
P2,brisket,brisket,0,0.41,4,3,food | food_more | trades,bbq_foods | butcher_words | cuts_of_meat | meats,,
P2,bruise,bruise,0,0.454,4,3,body | medicine | sports_world,injuries | sports_injuries | symptoms | things_that_hurt,,
P2,buckle,buckle,0,0.5,4,3,actions | clothing | tools,clothing_parts | fasteners | joining_actions | shoe_parts,,
P2,buffer,buffer,0,0.54,4,3,fashion | tools | trades,beauty_tools | cleaning_trade | nail_words | power_tools,,
P2,bun,bun,0,0.509,4,3,body | fashion | food,bbq_foods | bread_types | hair_words | hairstyles,,
P2,campfire,campfire,0,0.443,4,3,geography | nature | properties,hot_places | hot_things | light_sources | national_parks,,
P2,canary,canary,0,0.491,4,3,animals | properties | species,birds | pets | songbirds | yellow_things,,
P2,canteen,canteen,0,0.453,4,3,hobbies | home | law,camping_gear | hiking_words | military_things | things_that_hold_water,,
P2,canyon,canyon,0,0.566,4,3,geography | nature | nature_more,desert_things | erosion_words | landforms | national_parks,,
P2,carton,carton,0,0.456,4,3,home | materials | misc,recycled_materials | storage_containers | things_made_of_paper | things_you_recycle,,
P2,cement,cement,0,0.563,4,3,materials | tools | trades,adhesives | building_materials | masonry_words | powders,,
P2,chapel,chapel,0,0.576,4,3,history | places | religion,castle_things | monastery_life | places_of_worship | rooms_in_public_buildings,,
P2,chips,chips,0,0.601,4,3,food | food_more | misc,bbq_foods | potato_dishes | snack_foods | vending_machine_items,,
P2,church,church,0,0.737,4,3,geography | places | religion,kinds_of_buildings | places_of_worship | quiet_places | town_places,,
P2,churro,churro,0,0.311,4,3,food | world_food | world_more,mexican_dishes | spanish_dishes | street_food | world_breakfasts,,
P2,clip,clip,0,0.609,4,3,actions | language | tools,fasteners | joining_actions | office_supplies | words_before_board,,
P2,cocoa,cocoa,0,0.52,4,3,food | materials | plants,baking_ingredients | hot_drinks | powders | tropical_plants,,
P2,coconut,coconut,0,0.554,4,3,food | food_more | plants,dessert_toppings | fruit_trees | pie_ingredients | tropical_fruits,,
P2,colony,colony,0,0.589,4,3,animals | history | space,animal_groups | colonial_america | exploration_words | science_fiction_space,,
P2,confetti,confetti,0,0.433,4,3,entertainment | properties | time,birthday_things | light_things | new_year_things | party_things,,
P2,cookie,cookie,0,0.581,4,3,food | properties | technology,desserts | internet_words | round_things | snack_foods,,
P2,counselor,counselor,0,0.541,4,3,education | jobs | medicine,people_who_help | school_jobs | school_people | therapy_words,,
P2,credit,credit,0,0.714,4,3,business | education | jargon,accounting_words | college_words | grades_and_marks | money_words,,
P2,crepe,crepe,0,0.41,4,3,food_more | language | world_food,egg_and_dairy_dishes | french_dishes | street_food | words_before_paper,,
P2,crowd,crowd,0,0.671,4,3,people | properties | world_more,crowd_words | groups_of_people | loud_things | world_markets,,
P2,Cuba,cuba,1,0.59,4,3,geography | places | world_more,caribbean_places | island_nations | islands | latin_american_countries,,
P2,cufflinks,cufflinks,0,0.379,4,3,clothing | fashion | misc,accessories | fashion_accessories | formal_wear | things_that_come_in_pairs,,
P2,Daisy,daisy,1,0.54,4,3,names | nature | plants,flowers | garden_flowers_summer | nature_names | pet_names,,
P2,dark,dark,0,0.72,4,3,culture | descriptive | language,brightness_words | opposites | words_before_room | words_before_side,,
P2,deposit,deposit,0,0.606,4,3,actions | business | nature_more,banking_words | erosion_words | money_actions | money_words,,
P2,director,director,0,0.736,4,3,entertainment | jobs | media,creative_jobs | famous_job_titles | movie_roles | movie_words,,
P2,doorbell,doorbell,0,0.436,4,3,home | misc | technology,gadgets | home_electronics | things_that_ring | things_with_buttons,,
P2,drain,drain,0,0.581,4,3,actions | lists | trades,body_of_water_types | cooking_actions | plumbing_words | water_actions,,
P2,drone,drone,0,0.571,4,3,farming | technology | transport,aircraft | beekeeping | gadgets | robot_words,,
P2,easel,easel,0,0.383,4,3,art | education | tools,art_class_things | art_tools | classroom_things | painting_supplies,,
P2,elf,elf,0,0.521,4,3,entertainment | mythology | time,christmas_things | fantasy_creatures | magic_creatures | storybook_characters,,
P2,falcon,falcon,0,0.534,4,3,animals | properties | species,birds | birds_of_prey | fast_things | flying_animals,,
P2,felt,felt,0,0.733,4,3,hobbies | materials | trades,crafting_materials | fabric_types | insulating_materials | roofing_words,,
P2,flamingo,flamingo,0,0.437,4,3,animals | animals_more | world_more,birds | tropical_birds | wading_birds | zoo_animals,,
P2,flood,flood,0,0.62,4,3,actions | nature | nature_more,erosion_words | natural_disasters | water_actions | weather_actions,,
P2,front,front,0,0.754,4,3,jargon | language | science,weather_forecast_terms | weather_science | words_after_water | words_before_line,,
P2,galaxy,galaxy,0,0.611,4,3,nature_more | science | space,night_sky_things | science_fiction_space | space_objects | things_in_the_sky_science,,
P2,gale,gale,0,0.517,4,3,nature | nature_more | ocean,sea_weather | storms | weather_words | wind_words,,
P2,gondola,gondola,0,0.416,4,3,sports_world | transport | world_more,boats | skiing_words | things_that_carry_people | world_transport,,
P2,hanger,hanger,0,0.463,4,3,fashion | home | materials,bedroom_things | laundry_things | things_made_of_plastic | wardrobe_care,,
P2,hard,hard,0,0.79,4,3,culture | descriptive | language,difficulty_words | opposites | temperature_feel | words_before_ball,,
P2,hay,hay,0,0.559,4,3,farming | geography | plants,barn_things | crops | farm_products | things_on_a_farm,,
P2,hen,hen,0,0.509,4,3,animals | animals_more | language,animal_names_male_female | farm_animals | farm_bird_words | words_before_house,,
P2,hospital,hospital,0,0.724,4,3,geography | law | places,emergency_services | kinds_of_buildings | quiet_places | town_places,,
P2,house,house,0,0.816,4,3,language | law | places,government_branches | kinds_of_buildings | words_after_fire | words_before_work,,
P2,howl,howl,0,0.454,4,3,actions | animals | sounds,animal_sounds | nature_sounds | scary_sounds | ways_of_laughing,,
P2,husky,husky,1,0.47,4,3,animals | animals_more | brands,arctic_animals | dog_breeds | pack_animals | tool_brands,,
P2,iris,iris,0,0.537,4,3,body | nature | plants,face_parts | flowers | garden_flowers_spring | parts_of_the_eye,,
P2,jelly,jelly,0,0.539,4,3,food | food_more | language,candy_shapes | sandwich_fillings | things_you_spread | words_before_fish,,
P2,jet,jet,0,0.613,4,3,law | properties | transport,aircraft | fast_things | loud_things | military_things,,
P2,John,john,1,0.769,4,3,lists | names | people,bible_books | biblical_names | boys_names | short_names,,
P2,kick,kick,0,0.674,4,3,actions | body | skills,body_movements | dance_moves | self_defense_moves | sports_actions,,
P2,lamb,lamb,0,0.574,4,3,animals | food | nature_more,animal_babies | farm_animals | meats | seasons_spring,,
P2,lemonade,lemonade,0,0.491,4,3,food | food_more | nature_more,bbq_foods | cold_drinks | drink_mixers | seasons_summer,,
P2,Life,life,1,0.841,4,3,brands | entertainment | language,board_games | cereal_brands | words_before_line | words_before_time,,
P2,log,log,0,0.624,4,3,language | nature | ocean,navigation_tools | things_in_the_forest | words_after_back | words_before_book,,
P2,Madison,madison,1,0.596,4,3,names | people | places,girls_names | place_names_as_names | state_capitals | us_presidents,,
P2,meter,meter,0,0.584,4,3,technology | tools | transport,measurement_devices | measuring_tools | parking_words | things_measured_in_inches,,
P2,mist,mist,0,0.524,4,3,fashion | nature | science,perfume_words | states_of_matter | water_states | weather_words,,
P2,museum,museum,0,0.673,4,3,education | geography | places,field_trip_places | kinds_of_buildings | quiet_places | town_places,,
P2,mussel,mussel,0,0.391,4,3,animals | food | ocean,animals_with_shells | seafood | shellfish | shells,,
P2,orbit,orbit,0,0.576,4,3,science | space | transport,solar_system_words | space_measurements | space_travel | things_in_the_sky_science,,
P2,orca,orca,0,0.419,4,3,animals | ocean | species,arctic_animals | ocean_animals | sea_mammals | whale_types,,
P2,orchid,orchid,0,0.471,4,3,nature | plants | world_more,flowers | houseplants | tropical_flowers | tropical_plants,,
P2,pelican,pelican,0,0.439,4,3,animals | animals_more | ocean,birds | flying_animals | seabirds | waterfowl,,
P2,period,period,0,0.744,4,3,language | sports | sports_world,hockey_words | punctuation | wrestling_words | writing_words,,
P2,pharmacy,pharmacy,0,0.553,4,3,business | geography | medicine,hospital_departments | places_you_wait | store_types | town_places,,
P2,pickle,pickle,0,0.484,4,3,food | properties | world_food,bbq_foods | fermented_foods | green_things | sandwich_fillings,,
P2,plaster,plaster,0,0.504,4,3,actions | art | materials,building_actions | building_materials | pottery_words | sculpture_materials,,
P2,plow,plow,0,0.459,4,3,farming | geography | language,farm_machines | soil_words | things_on_a_farm | words_after_snow,,
P2,plunger,plunger,0,0.417,4,3,home | tools | trades,bathroom_items | cleaning_tools | plumbing_words | sewing_and_repair,,
P2,potato salad,potato salad,0,0.547,4,3,food | food_more | world_food,bbq_foods | german_dishes | potato_dishes | salads,,
P2,puddle,puddle,0,0.466,4,3,nature | nature_more | properties,animal_tracks_and_signs | seasons_spring | things_that_shrink | water_states,,
P2,python,python,0,0.54,4,3,animals | animals_more | species,exotic_pets | jungle_animals | reptiles | snakes,,
P2,quill,quill,0,0.444,4,3,animals | education | history,animal_coverings | colonial_america | time_capsule_things | writing_tools,,
P2,ramen,ramen,0,0.479,4,3,food | world_food | world_more,asian_dishes | japanese_dishes | soups | world_soups,,
P2,reed,reed,0,0.581,4,3,hobbies | nature | plants,grasses | music_practice | water_plants | wild_plants,,
P2,rooster,rooster,0,0.473,4,3,animals | animals_more | farming,animal_names_male_female | country_life | farm_animals | farm_bird_words,,
P2,routine,routine,0,0.624,4,3,entertainment | hobbies | sports_world,comedy_words | dance_class | gymnastics_events | training_words,,
P2,sangria,sangria,0,0.359,4,3,skills | world_food | world_more,cocktails | spanish_dishes | wines_and_drinks | world_teas_and_drinks,,
P2,scallop,scallop,0,0.393,4,3,animals | food | ocean,animals_with_shells | seafood | shellfish | shells,,
P2,shepherd,shepherd,1,0.557,4,3,animals | jobs | names_world,dog_breeds | farm_jobs | jobs_with_animals | nature_surnames,,
P2,sleet,sleet,0,0.404,4,3,actions | nature | properties,cold_things | water_states | weather_actions | weather_words,,
P2,slide,slide,0,0.614,4,3,actions | science | skills,carrying_actions | dance_moves | lab_equipment | ways_of_moving,,
P2,smock,smock,0,0.367,4,3,clothing | education | tools,art_class_things | kids_clothing | painting_supplies | work_uniforms,,
P2,soda,soda,0,0.577,4,3,food | materials | misc,cold_drinks | fast_food_items | liquids | vending_machine_items,,
P2,soft,soft,0,0.669,4,3,culture | descriptive | language,noise_adjectives | opposites | temperature_feel | words_before_ball,,
P2,souffle,souffle,0,0.324,4,3,food | jargon | world_food,desserts | egg_dishes | french_cooking_terms | french_dishes,,
P2,sourdough,sourdough,0,0.397,4,3,food | food_more | world_food,bread_types | fermented_foods | sandwich_breads | world_breads,,
P2,splint,splint,0,0.38,4,3,clothing | medicine | skills,first_aid | first_aid_actions | medical_tools | things_worn_on_hands,,
P2,split,split,0,0.664,4,3,actions | skills | sports_world,bowling_words | dance_moves | destroying_actions | gymnastics_events,,
P2,steel,steel,0,0.673,4,3,materials | properties | science,building_materials | hard_things | metals | recycled_materials,,
P2,stencil,stencil,0,0.406,4,3,education | tools | trades,art_class_things | art_supplies | painting_supplies | printing_words,,
P2,streamer,streamer,0,0.434,4,3,art | entertainment | time,birthday_things | decorative_things | new_year_things | party_things,,
P2,swing,swing,0,0.62,4,3,actions | entertainment | home,baby_things | dance_styles | music_genres | sports_actions,,
P2,tablet,tablet,0,0.579,4,3,medicine | science | technology,experiments | gadgets | medicine_forms | screens,,
P2,taco,taco,0,0.527,4,3,food | language | world_food,fast_food_items | mexican_dishes | street_food | words_before_sauce,,
P2,textbook,textbook,0,0.539,4,3,education | entertainment | media,book_genres | classroom_things | reading_material | school_supplies,,
P2,tongs,tongs,0,0.4,4,3,home | science | trades,baker_words | kitchen_tools | lab_equipment | silverware,,
P2,trough,trough,0,0.49,4,3,farming | geography | home,barn_things | ranch_words | things_on_a_farm | things_that_hold_water,,
P2,truck,truck,0,0.663,4,3,language | properties | transport,heavy_things | things_with_wheels | vehicles | words_after_fire,,
P2,typewriter,typewriter,0,0.466,4,3,education | history | technology,office_machines | things_with_screens_history | time_capsule_things | writing_tools,,
P2,up,up,0,0.913,4,3,culture | geography | language,directions | opposites | words_after_back | words_before_side,,
P2,vulture,vulture,0,0.454,4,3,animals | nature | species,african_animals | birds_of_prey | desert_things | flying_animals,,
P2,walrus,walrus,0,0.426,4,3,animals | animals_more | ocean,arctic_animals | ocean_animals | sea_mammals | seals_and_walruses,,
P2,wand,wand,0,0.496,4,3,entertainment | hobbies | mythology,magic_objects | magic_tricks | magic_words | wizards_and_spells,,
P2,washer,washer,0,0.477,4,3,home | tools | trades,fasteners | laundry_things | plumbing_words | sewing_and_repair,,
P2,weed,weed,0,0.61,4,3,actions | nature | plants,garden_actions | gardening_words | things_that_grow | wild_plants,,
P2,well,well,0,0.861,4,3,farming | geography | lists,body_of_water_types | country_life | irrigation | things_on_a_farm,,
P2,witch,witch,0,0.587,4,3,entertainment | mythology | time,halloween_things | magic_creatures | monsters | storybook_characters,,
P2,Zoom,zoom,1,0.547,4,3,business | jargon | technology,computer_actions | photography_terms | photography_words | tech_companies,,
