word_id,word,normalized,is_proper_noun,familiarity_score,playable_category_count,theme_count,categories,recommended_action
2885,bell,bell,1,0.656,13,10,classroom_things:CLASSROOM THINGS | music_class_things:MUSIC CLASS | things_made_of_metal:METAL THINGS | things_that_ring:RINGING THINGS | inventors:INVENTORS | loud_things:LOUD THINGS | church_things:CHURCH THINGS | monastery_life:MONASTERY THINGS | city_sounds:CITY SOUNDS | bell_and_alarm:ALARM SOUNDS | boxing_words:BOXING WORDS | parts_of_a_bike:BICYCLE PARTS | pepper_varieties:PEPPER VARIETIES,Word-level casing/proper-noun flag is unsafe across multiple meanings. Move display text and proper-noun status to the sense.
2472,rose,rose,1,0.689,10,7,flags_and_symbols:NATIONAL SYMBOLS | perfume_words:FRAGRANCE WORDS | nature_names:NATURE NAMES | short_names:SHORT NAMES | flowers:FLOWERS | garden_plants:GARDEN PLANTS | garden_flowers_summer:SUMMER FLOWERS | shrubs:SHRUBS AND BUSHES | red_things:RED THINGS | wines_and_drinks:WINE & BEER,Word-level casing/proper-noun flag is unsafe across multiple meanings. Move display text and proper-noun status to the sense.
4117,glacier,glacier,1,0.511,10,6,things_that_melt:MELTING THINGS | landforms:LANDFORMS | cold_places:COLD PLACES | water_states:FORMS OF WATER | mountain_things:MOUNTAIN THINGS | national_parks_us:NATIONAL PARKS | cold_things:COLD THINGS | slow_things:SLOW THINGS | things_that_shrink:SHRINKING THINGS | rock_cycle_words:GEOLOGY WORDS,Word-level casing/proper-noun flag is unsafe across multiple meanings. Move display text and proper-noun status to the sense.
1635,Charger,charger,1,0.52,8,5,car_models:CAR MODELS | things_that_plug_in:PLUGGED IN | things_in_a_purse:PURSE THINGS | things_in_a_glove_box:GLOVE BOX | computer_parts:COMPUTER PARTS | phone_words:PHONE WORDS | power_and_batteries:POWER WORDS | travel_documents:TRAVEL THINGS,Word-level casing/proper-noun flag is unsafe across multiple meanings. Move display text and proper-noun status to the sense.
6361,Jasmine,jasmine,1,0.516,7,7,disney_characters:DISNEY CHARACTERS | nature_names:NATURE NAMES | flowers:FLOWERS | vines:VINES AND CLIMBERS | rice_types:RICE TYPES | teas:TEAS | tropical_flowers:TROPICAL FLOWERS,Word-level casing/proper-noun flag is unsafe across multiple meanings. Move display text and proper-noun status to the sense.
6881,Fern,fern,1,0.467,7,4,nature_names:NATURE NAMES | garden_plants:GARDEN PLANTS | wild_plants:WILD PLANTS | things_in_the_forest:FOREST THINGS | houseplants:HOUSEPLANTS | tropical_plants:TROPICAL PLANTS | green_things:GREEN THINGS,Word-level casing/proper-noun flag is unsafe across multiple meanings. Move display text and proper-noun status to the sense.
1646,Popsicle,popsicle,1,0.403,7,4,candy_bar_flavors:DAIRY BRANDS | desserts:DESSERTS | snack_foods:SNACK FOODS | things_that_melt:MELTING THINGS | frozen_foods:FROZEN FOODS | seasons_summer:SUMMER THINGS | cold_things:COLD THINGS,Word-level casing/proper-noun flag is unsafe across multiple meanings. Move display text and proper-noun status to the sense.
4877,flash,flash,1,0.636,6,6,photography_hobby:PHOTOGRAPHY GEAR | photography_terms:CAMERA SETTINGS | words_before_light:___ LIGHT | superheroes:SUPERHEROES | juggling_words:JUGGLING WORDS | photography_words:PHOTOGRAPHY WORDS,Word-level casing/proper-noun flag is unsafe across multiple meanings. Move display text and proper-noun status to the sense.
6875,Ivy,ivy,1,0.547,6,3,nature_names:NATURE NAMES | garden_plants:GARDEN PLANTS | wild_plants:WILD PLANTS | houseplants:HOUSEPLANTS | weeds:WEEDS | vines:VINES AND CLIMBERS,Word-level casing/proper-noun flag is unsafe across multiple meanings. Move display text and proper-noun status to the sense.
683,buzz,buzz,1,0.579,6,3,animal_sounds:ANIMAL SOUNDS | disney_characters:DISNEY CHARACTERS | onomatopoeia:SOUND WORDS | machine_sounds:MACHINE SOUNDS | nature_sounds:NATURE SOUNDS | bell_and_alarm:ALARM SOUNDS,Word-level casing/proper-noun flag is unsafe across multiple meanings. Move display text and proper-noun status to the sense.
711,tiger,tiger,1,0.614,6,3,jungle_animals:JUNGLE ANIMALS | wild_cats:WILD CATS | zoo_animals:ZOO ANIMALS | spotted_and_striped:STRIPED ANIMALS | pet_names:PET NAMES | striped_things:STRIPED THINGS,Word-level casing/proper-noun flag is unsafe across multiple meanings. Move display text and proper-noun status to the sense.
4333,Jordan,jordan,1,0.644,5,5,asian_countries:ASIAN COUNTRIES | place_names_as_names:PLACE NAMES | unisex_names:UNISEX NAMES | middle_east_places:MIDDLE EAST | sports_legends:SPORTS LEGENDS,Word-level casing/proper-noun flag is unsafe across multiple meanings. Move display text and proper-noun status to the sense.
1522,Subway,subway,1,0.579,5,5,fast_food_chains:FAST FOOD | city_words:CITY WORDS | underground_things:UNDERGROUND THINGS | underground_places:UNDERGROUND PLACES | vehicles:VEHICLES,Word-level casing/proper-noun flag is unsafe across multiple meanings. Move display text and proper-noun status to the sense.
1183,amber,amber,1,0.567,5,5,color_words_advanced:SHADES OF COLOR | perfume_words:FRAGRANCE WORDS | precious_materials:PRECIOUS MATERIALS | nature_names:NATURE NAMES | ocean_products:SEA HARVEST,Word-level casing/proper-noun flag is unsafe across multiple meanings. Move display text and proper-noun status to the sense.
1757,cash,cash,1,0.703,5,5,money_words:MONEY WORDS | words_before_box:___ BOX | famous_musicians:MUSIC LEGENDS | things_in_a_wallet:WALLET THINGS | world_markets:MARKET WORDS,Word-level casing/proper-noun flag is unsafe across multiple meanings. Move display text and proper-noun status to the sense.
622,beetle,beetle,1,0.504,5,4,insects:INSECTS | animals_with_shells:ANIMALS WITH SHELLS | car_models:CAR MODELS | pest_control:CROP PESTS | garden_bugs:GARDEN BUGS,Word-level casing/proper-noun flag is unsafe across multiple meanings. Move display text and proper-noun status to the sense.
2938,dean,dean,1,0.629,5,4,college_words:COLLEGE WORDS | school_jobs:SCHOOL JOBS | famous_job_titles:LEADERSHIP TITLES | short_names:SHORT NAMES | titles_of_address:TITLES,Word-level casing/proper-noun flag is unsafe across multiple meanings. Move display text and proper-noun status to the sense.
479,rain,rain,1,0.673,5,4,weather_actions:WEATHER ACTIONS | nature_names:NATURE NAMES | weather_words:WEATHER WORDS | water_states:FORMS OF WATER | seasons_spring:SPRING THINGS,Word-level casing/proper-noun flag is unsafe across multiple meanings. Move display text and proper-noun status to the sense.
576,robin,robin,1,0.619,5,4,birds:BIRDS | flying_animals:FLYING ANIMALS | superheroes:SUPERHEROES | seasons_spring:SPRING THINGS | songbirds:SONGBIRDS,Word-level casing/proper-noun flag is unsafe across multiple meanings. Move display text and proper-noun status to the sense.
5717,mark,mark,1,0.721,5,3,words_after_water:WATER ___ | words_after_book:WORDS AFTER BOOK | bible_books:BIBLE BOOKS | biblical_names:BIBLICAL NAMES | short_names:SHORT NAMES,Word-level casing/proper-noun flag is unsafe across multiple meanings. Move display text and proper-noun status to the sense.
5685,storm,storm,1,0.666,5,3,words_after_fire:FIRE ___ | words_after_snow:SNOW ___ | words_after_rain:RAIN ___ | superheroes:SUPERHEROES | weather_words:WEATHER WORDS,Word-level casing/proper-noun flag is unsafe across multiple meanings. Move display text and proper-noun status to the sense.
1741,Amazon,amazon,1,0.65,4,4,tech_companies:TECH COMPANIES | rivers:RIVERS | world_rivers:WORLD RIVERS | world_deserts_and_seas:WORLD REGIONS,Word-level casing/proper-noun flag is unsafe across multiple meanings. Move display text and proper-noun status to the sense.
2102,Austin,austin,1,0.623,4,4,southern_cities:SOUTHERN CITIES | us_cities:US CITIES | place_names_as_names:PLACE NAMES | state_capitals:STATE CAPITALS,Word-level casing/proper-noun flag is unsafe across multiple meanings. Move display text and proper-noun status to the sense.
6176,Daniel,daniel,1,0.66,4,4,bible_books:BIBLE BOOKS | biblical_names:BIBLICAL NAMES | boys_names:BOYS NAMES | bible_figures:BIBLE FIGURES,Word-level casing/proper-noun flag is unsafe across multiple meanings. Move display text and proper-noun status to the sense.
6874,Lily,lily,1,0.564,4,4,nature_names:NATURE NAMES | flowers:FLOWERS | girls_names:GIRLS NAMES | garden_flowers_summer:SUMMER FLOWERS,Word-level casing/proper-noun flag is unsafe across multiple meanings. Move display text and proper-noun status to the sense.
1639,Ranger,ranger,1,0.554,4,4,car_models:CAR MODELS | national_parks:PARK WORDS | emergency_jobs:EMERGENCY JOBS | emergency_services:EMERGENCY SERVICES,Word-level casing/proper-noun flag is unsafe across multiple meanings. Move display text and proper-noun status to the sense.
6169,Ruth,ruth,1,0.579,4,4,bible_books:BIBLE BOOKS | biblical_names:BIBLICAL NAMES | bible_figures:BIBLE FIGURES | sports_legends:SPORTS LEGENDS,Word-level casing/proper-noun flag is unsafe across multiple meanings. Move display text and proper-noun status to the sense.
6880,Violet,violet,1,0.549,4,4,nature_names:NATURE NAMES | flowers:FLOWERS | houseplants:HOUSEPLANTS | colors:COLORS,Word-level casing/proper-noun flag is unsafe across multiple meanings. Move display text and proper-noun status to the sense.
1319,bob,bob,1,0.661,4,4,hair_words:HAIR WORDS | hairstyles:HAIRSTYLES | nicknames_for_names:NAME SHORTENINGS | nicknames:NICKNAMES,Word-level casing/proper-noun flag is unsafe across multiple meanings. Move display text and proper-noun status to the sense.
641,centipede,centipede,1,0.399,4,4,insects:INSECTS | video_game_classics:RETRO GAMES | garden_bugs:GARDEN BUGS | spiders_and_crawlers:SPIDERS AND CRAWLERS,Word-level casing/proper-noun flag is unsafe across multiple meanings. Move display text and proper-noun status to the sense.
4691,mason,mason,1,0.591,4,4,old_professions:HISTORIC TRADES | building_trades:BUILDING TRADES | nature_surnames:SURNAMES FROM TRADES | boys_names:BOYS NAMES,Word-level casing/proper-noun flag is unsafe across multiple meanings. Move display text and proper-noun status to the sense.
4689,miller,miller,1,0.643,4,4,old_professions:HISTORIC TRADES | historic_jobs:BYGONE JOBS | common_surnames:COMMON SURNAMES | nature_surnames:SURNAMES FROM TRADES,Word-level casing/proper-noun flag is unsafe across multiple meanings. Move display text and proper-noun status to the sense.
3720,peanut,peanut,1,0.557,4,4,nuts_and_seeds:NUTS AND SEEDS | pet_names:PET NAMES | crops:FARM CROPS | nuts_world:SNACK NUTS,Word-level casing/proper-noun flag is unsafe across multiple meanings. Move display text and proper-noun status to the sense.
2867,spanish,spanish,1,0.676,4,4,school_subjects:SCHOOL SUBJECTS | languages:LANGUAGES | nationalities:NATIONALITIES | olive_types:OLIVE TYPES,Word-level casing/proper-noun flag is unsafe across multiple meanings. Move display text and proper-noun status to the sense.
3324,sphinx,sphinx,1,0.429,4,4,fantasy_creatures:MYTHICAL CREATURES | famous_landmarks:FAMOUS LANDMARKS | egypt_things:ANCIENT EGYPT | mythical_monsters:MYTHICAL MONSTERS,Word-level casing/proper-noun flag is unsafe across multiple meanings. Move display text and proper-noun status to the sense.
1019,tom,tom,1,0.69,4,4,animal_names_male_female:ANIMAL GENDERS | cartoon_characters:CARTOON CHARACTERS | nicknames_for_names:NAME SHORTENINGS | nicknames:NICKNAMES,Word-level casing/proper-noun flag is unsafe across multiple meanings. Move display text and proper-noun status to the sense.
2112,Aspen,aspen,1,0.49,4,3,resort_towns:RESORT DESTINATIONS | nature_names:NATURE NAMES | place_names_as_names:PLACE NAMES | trees:TREES,Word-level casing/proper-noun flag is unsafe across multiple meanings. Move display text and proper-noun status to the sense.
4363,Cuba,cuba,1,0.59,4,3,latin_american_countries:LATIN AMERICA | islands:ISLANDS | caribbean_places:CARIBBEAN PLACES | island_nations:ISLAND NATIONS,Word-level casing/proper-noun flag is unsafe across multiple meanings. Move display text and proper-noun status to the sense.
6876,Daisy,daisy,1,0.54,4,3,nature_names:NATURE NAMES | pet_names:PET NAMES | flowers:FLOWERS | garden_flowers_summer:SUMMER FLOWERS,Word-level casing/proper-noun flag is unsafe across multiple meanings. Move display text and proper-noun status to the sense.
6180,John,john,1,0.769,4,3,bible_books:BIBLE BOOKS | biblical_names:BIBLICAL NAMES | short_names:SHORT NAMES | boys_names:BOYS NAMES,Word-level casing/proper-noun flag is unsafe across multiple meanings. Move display text and proper-noun status to the sense.
1517,Life,life,1,0.841,4,3,cereal_brands:CEREAL BRANDS | board_games:BOARD GAMES | words_before_line:___ LINE | words_before_time:___ TIME,Word-level casing/proper-noun flag is unsafe across multiple meanings. Move display text and proper-noun status to the sense.
6965,Madison,madison,1,0.596,4,3,place_names_as_names:PLACE NAMES | girls_names:GIRLS NAMES | us_presidents:US PRESIDENTS | state_capitals:STATE CAPITALS,Word-level casing/proper-noun flag is unsafe across multiple meanings. Move display text and proper-noun status to the sense.
1756,Zoom,zoom,1,0.547,4,3,tech_companies:TECH COMPANIES | photography_terms:CAMERA SETTINGS | computer_actions:COMPUTER ACTIONS | photography_words:PHOTOGRAPHY WORDS,Word-level casing/proper-noun flag is unsafe across multiple meanings. Move display text and proper-noun status to the sense.
749,husky,husky,1,0.47,4,3,arctic_animals:ARCTIC ANIMALS | dog_breeds:DOG BREEDS | pack_animals:WORK ANIMALS | tool_brands:TOOL BRANDS,Word-level casing/proper-noun flag is unsafe across multiple meanings. Move display text and proper-noun status to the sense.
807,shepherd,shepherd,1,0.557,4,3,dog_breeds:DOG BREEDS | farm_jobs:FARM JOBS | jobs_with_animals:JOBS WITH ANIMALS | nature_surnames:SURNAMES FROM TRADES,Word-level casing/proper-noun flag is unsafe across multiple meanings. Move display text and proper-noun status to the sense.
4309,Iceland,iceland,1,0.541,4,2,european_countries:EUROPEAN COUNTRIES | islands:ISLANDS | countries_more:MORE COUNTRIES | island_nations:ISLAND NATIONS,Word-level casing/proper-noun flag is unsafe across multiple meanings. Move display text and proper-noun status to the sense.
6921,Shadow,shadow,1,0.634,4,2,pet_names:PET NAMES | black_things:BLACK THINGS | quiet_things:QUIET THINGS | things_that_shrink:SHRINKING THINGS,Word-level casing/proper-noun flag is unsafe across multiple meanings. Move display text and proper-noun status to the sense.
1738,Ace,ace,1,0.587,3,3,paint_and_home:HARDWARE BRANDS | card_words:CARD WORDS | tennis_words:TENNIS WORDS,Word-level casing/proper-noun flag is unsafe across multiple meanings. Move display text and proper-noun status to the sense.
1565,American,american,1,0.784,3,3,airlines:AIRLINES | cheese_types:CHEESE TYPES | nationalities:NATIONALITIES,Word-level casing/proper-noun flag is unsafe across multiple meanings. Move display text and proper-noun status to the sense.
2096,Atlanta,atlanta,1,0.624,3,3,southern_cities:SOUTHERN CITIES | us_cities:US CITIES | state_capitals:STATE CAPITALS,Word-level casing/proper-noun flag is unsafe across multiple meanings. Move display text and proper-noun status to the sense.
4527,Bermuda,bermuda,1,0.503,3,3,islands:ISLANDS | caribbean_places:CARIBBEAN PLACES | grasses:GRASSES,Word-level casing/proper-noun flag is unsafe across multiple meanings. Move display text and proper-noun status to the sense.
2055,Boston,boston,1,0.667,3,3,american_east_cities:EAST COAST | us_cities:US CITIES | state_capitals:STATE CAPITALS,Word-level casing/proper-noun flag is unsafe across multiple meanings. Move display text and proper-noun status to the sense.
6844,Brown,brown,1,0.716,3,3,common_surnames:COMMON SURNAMES | colors:COLORS | rice_types:RICE TYPES,Word-level casing/proper-noun flag is unsafe across multiple meanings. Move display text and proper-noun status to the sense.
2028,Casablanca,casablanca,1,0.439,3,3,african_cities:AFRICAN CITIES | famous_movies:FAMOUS MOVIES | world_cities:WORLD CITIES,Word-level casing/proper-noun flag is unsafe across multiple meanings. Move display text and proper-noun status to the sense.
5919,Charlie,charlie,1,0.633,3,3,alphabet_code:RADIO ALPHABET | pet_names:PET NAMES | unisex_names:UNISEX NAMES,Word-level casing/proper-noun flag is unsafe across multiple meanings. Move display text and proper-noun status to the sense.
2103,Charlotte,charlotte,1,0.603,3,3,southern_cities:SOUTHERN CITIES | us_cities:US CITIES | girls_names:GIRLS NAMES,Word-level casing/proper-noun flag is unsafe across multiple meanings. Move display text and proper-noun status to the sense.
4315,China,china,1,0.729,3,3,asian_countries:ASIAN COUNTRIES | ancient_civilizations:ANCIENT CIVILIZATIONS | things_that_break:FRAGILE THINGS,Word-level casing/proper-noun flag is unsafe across multiple meanings. Move display text and proper-noun status to the sense.
2087,Columbus,columbus,1,0.577,3,3,midwest_cities:MIDWEST CITIES | explorers:EXPLORERS | state_capitals:STATE CAPITALS,Word-level casing/proper-noun flag is unsafe across multiple meanings. Move display text and proper-noun status to the sense.
2100,Dallas,dallas,1,0.631,3,3,southern_cities:SOUTHERN CITIES | us_cities:US CITIES | classic_tv_shows:CLASSIC TV,Word-level casing/proper-noun flag is unsafe across multiple meanings. Move display text and proper-noun status to the sense.
1196,David,david,1,0.733,3,3,famous_artworks:FAMOUS ARTWORKS | boys_names:BOYS NAMES | bible_figures:BIBLE FIGURES,Word-level casing/proper-noun flag is unsafe across multiple meanings. Move display text and proper-noun status to the sense.
2083,Detroit,detroit,1,0.621,3,3,midwest_cities:MIDWEST CITIES | us_cities:US CITIES | pizza_styles:PIZZA STYLES,Word-level casing/proper-noun flag is unsafe across multiple meanings. Move display text and proper-noun status to the sense.
5920,Echo,echo,1,0.577,3,3,alphabet_code:RADIO ALPHABET | mountain_things:MOUNTAIN THINGS | cave_things:CAVE THINGS,Word-level casing/proper-noun flag is unsafe across multiple meanings. Move display text and proper-noun status to the sense.
4523,Fiji,fiji,1,0.516,3,3,islands:ISLANDS | oceania_places:OCEANIA PLACES | island_nations:ISLAND NATIONS,Word-level casing/proper-noun flag is unsafe across multiple meanings. Move display text and proper-noun status to the sense.
7300,Fuji,fuji,1,0.46,3,3,volcanoes:VOLCANOES | world_mountains:FAMOUS MOUNTAINS | apple_varieties:APPLE VARIETIES,Word-level casing/proper-noun flag is unsafe across multiple meanings. Move display text and proper-noun status to the sense.
1989,Geneva,geneva,1,0.571,3,3,european_cities:EUROPEAN CITIES | world_lakes:LAKES | world_cities:WORLD CITIES,Word-level casing/proper-noun flag is unsafe across multiple meanings. Move display text and proper-noun status to the sense.
4257,Georgia,georgia,1,0.637,3,3,us_states:US STATES | place_names_as_names:PLACE NAMES | countries_more:MORE COUNTRIES,Word-level casing/proper-noun flag is unsafe across multiple meanings. Move display text and proper-noun status to the sense.
4454,Golden Gate,golden gate,1,0.609,3,3,famous_landmarks:FAMOUS LANDMARKS | famous_bridges:FAMOUS BRIDGES | us_landmarks:US LANDMARKS,Word-level casing/proper-noun flag is unsafe across multiple meanings. Move display text and proper-noun status to the sense.
6903,Grace,grace,1,0.651,3,3,short_names:SHORT NAMES | girls_names:GIRLS NAMES | prayer_words:PRAYER WORDS,Word-level casing/proper-noun flag is unsafe across multiple meanings. Move display text and proper-noun status to the sense.
4451,Great Wall,great wall,1,0.711,3,3,famous_landmarks:FAMOUS LANDMARKS | ancient_wonders:WORLD WONDERS | world_heritage:ANCIENT SITES,Word-level casing/proper-noun flag is unsafe across multiple meanings. Move display text and proper-noun status to the sense.
2101,Houston,houston,1,0.631,3,3,southern_cities:SOUTHERN CITIES | us_cities:US CITIES | space_agencies_and_places:SPACE PLACES,Word-level casing/proper-noun flag is unsafe across multiple meanings. Move display text and proper-noun status to the sense.
4481,Hudson,hudson,1,0.576,3,3,rivers:RIVERS | explorers:EXPLORERS | great_lakes_and_us_water:US WATERS,Word-level casing/proper-noun flag is unsafe across multiple meanings. Move display text and proper-noun status to the sense.
4328,Israel,israel,1,0.681,3,3,asian_countries:ASIAN COUNTRIES | place_names_as_names:PLACE NAMES | middle_east_places:MIDDLE EAST,Word-level casing/proper-noun flag is unsafe across multiple meanings. Move display text and proper-noun status to the sense.
4521,Jamaica,jamaica,1,0.56,3,3,islands:ISLANDS | caribbean_places:CARIBBEAN PLACES | island_nations:ISLAND NATIONS,Word-level casing/proper-noun flag is unsafe across multiple meanings. Move display text and proper-noun status to the sense.
1915,Jeep,jeep,1,0.531,3,3,car_brands:CAR BRANDS | military_things:MILITARY EQUIPMENT | vehicles:VEHICLES,Word-level casing/proper-noun flag is unsafe across multiple meanings. Move display text and proper-noun status to the sense.
4275,Lima,lima,1,0.511,3,3,world_capitals:WORLD CAPITALS | alphabet_code:RADIO ALPHABET | bean_types:BEAN TYPES,Word-level casing/proper-noun flag is unsafe across multiple meanings. Move display text and proper-noun status to the sense.
6933,Louis,louis,1,0.689,3,3,royal_names:ROYAL NAMES | french_names:FRENCH NAMES | sports_legends:SPORTS LEGENDS,Word-level casing/proper-noun flag is unsafe across multiple meanings. Move display text and proper-noun status to the sense.
6932,Mary,mary,1,0.683,3,3,royal_names:ROYAL NAMES | girls_names:GIRLS NAMES | bible_figures:BIBLE FIGURES,Word-level casing/proper-noun flag is unsafe across multiple meanings. Move display text and proper-noun status to the sense.
6178,Matthew,matthew,1,0.624,3,3,bible_books:BIBLE BOOKS | biblical_names:BIBLICAL NAMES | boys_names:BOYS NAMES,Word-level casing/proper-noun flag is unsafe across multiple meanings. Move display text and proper-noun status to the sense.
4261,Michigan,michigan,1,0.649,3,3,us_states:US STATES | world_lakes:LAKES | great_lakes_and_us_water:US WATERS,Word-level casing/proper-noun flag is unsafe across multiple meanings. Move display text and proper-noun status to the sense.
1608,Milwaukee,milwaukee,1,0.573,3,3,tool_brands:TOOL BRANDS | midwest_cities:MIDWEST CITIES | us_cities:US CITIES,Word-level casing/proper-noun flag is unsafe across multiple meanings. Move display text and proper-noun status to the sense.
4473,Mississippi,mississippi,1,0.599,3,3,rivers:RIVERS | us_states_more:MORE STATES | great_lakes_and_us_water:US WATERS,Word-level casing/proper-noun flag is unsafe across multiple meanings. Move display text and proper-noun status to the sense.
4483,Missouri,missouri,1,0.609,3,3,rivers:RIVERS | us_states_more:MORE STATES | great_lakes_and_us_water:US WATERS,Word-level casing/proper-noun flag is unsafe across multiple meanings. Move display text and proper-noun status to the sense.
2097,Nashville,nashville,1,0.569,3,3,southern_cities:SOUTHERN CITIES | us_cities:US CITIES | state_capitals:STATE CAPITALS,Word-level casing/proper-noun flag is unsafe across multiple meanings. Move display text and proper-noun status to the sense.
4472,Nile,nile,1,0.52,3,3,rivers:RIVERS | egypt_things:ANCIENT EGYPT | world_rivers:WORLD RIVERS,Word-level casing/proper-noun flag is unsafe across multiple meanings. Move display text and proper-noun status to the sense.
6863,Noah,noah,1,0.561,3,3,biblical_names:BIBLICAL NAMES | boys_names:BOYS NAMES | bible_figures:BIBLE FIGURES,Word-level casing/proper-noun flag is unsafe across multiple meanings. Move display text and proper-noun status to the sense.
4267,Paris,paris,1,0.689,3,3,world_capitals:WORLD CAPITALS | greek_heroes:MYTHOLOGICAL HEROES | place_names_as_names:PLACE NAMES,Word-level casing/proper-noun flag is unsafe across multiple meanings. Move display text and proper-noun status to the sense.
6350,Pluto,pluto,1,0.479,3,3,cartoon_characters:CARTOON CHARACTERS | roman_gods:ROMAN GODS | planets:PLANETS,Word-level casing/proper-noun flag is unsafe across multiple meanings. Move display text and proper-noun status to the sense.
1660,Prince,prince,1,0.674,3,3,sports_brands:SPORTS BRANDS | storybook_characters:TALE CHARACTERS | royalty:ROYAL WORDS,Word-level casing/proper-noun flag is unsafe across multiple meanings. Move display text and proper-noun status to the sense.
4270,Rome,rome,1,0.636,3,3,world_capitals:WORLD CAPITALS | ancient_civilizations:ANCIENT CIVILIZATIONS | apple_varieties:APPLE VARIETIES,Word-level casing/proper-noun flag is unsafe across multiple meanings. Move display text and proper-noun status to the sense.
4482,Seine,seine,1,0.453,3,3,rivers:RIVERS | whaling_and_fishing:FISHING FLEET | world_rivers:WORLD RIVERS,Word-level casing/proper-noun flag is unsafe across multiple meanings. Move display text and proper-noun status to the sense.
1670,Sharp,sharp,1,0.64,3,3,camera_and_electronics:ELECTRONICS BRANDS | temperature_feel:TOUCH WORDS | music_words:MUSIC WORDS,Word-level casing/proper-noun flag is unsafe across multiple meanings. Move display text and proper-noun status to the sense.
1625,Slinky,slinky,1,0.38,3,3,toy_brands:TOY BRANDS | toys:TOYS | things_that_stretch:STRETCHY THINGS,Word-level casing/proper-noun flag is unsafe across multiple meanings. Move display text and proper-noun status to the sense.
2531,Solitaire,solitaire,1,0.43,3,3,video_game_classics:RETRO GAMES | card_games:CARD GAMES | gem_cuts:GEM CUTS,Word-level casing/proper-noun flag is unsafe across multiple meanings. Move display text and proper-noun status to the sense.
4449,Stonehenge,stonehenge,1,0.419,3,3,famous_landmarks:FAMOUS LANDMARKS | ancient_wonders:WORLD WONDERS | world_heritage:ANCIENT SITES,Word-level casing/proper-noun flag is unsafe across multiple meanings. Move display text and proper-noun status to the sense.
1637,Tahoe,tahoe,1,0.457,3,3,car_models:CAR MODELS | world_lakes:LAKES | great_lakes_and_us_water:US WATERS,Word-level casing/proper-noun flag is unsafe across multiple meanings. Move display text and proper-noun status to the sense.
4452,Taj Mahal,taj mahal,1,0.421,3,3,famous_landmarks:FAMOUS LANDMARKS | ancient_wonders:WORLD WONDERS | famous_buildings:FAMOUS BUILDINGS,Word-level casing/proper-noun flag is unsafe across multiple meanings. Move display text and proper-noun status to the sense.
6332,Thor,thor,1,0.527,3,3,superheroes:SUPERHEROES | norse_gods:NORSE GODS | scandinavian_names:SCANDINAVIAN NAMES,Word-level casing/proper-noun flag is unsafe across multiple meanings. Move display text and proper-noun status to the sense.
7700,Watt,watt,1,0.527,3,3,inventors:INVENTORS | electricity_words:ELECTRICITY WORDS | power_and_batteries:POWER WORDS,Word-level casing/proper-noun flag is unsafe across multiple meanings. Move display text and proper-noun status to the sense.
1652,Wilson,wilson,1,0.647,3,3,sports_brands:SPORTS BRANDS | common_surnames:COMMON SURNAMES | us_presidents:US PRESIDENTS,Word-level casing/proper-noun flag is unsafe across multiple meanings. Move display text and proper-noun status to the sense.
739,buffalo,buffalo,1,0.591,3,3,african_animals:AFRICAN ANIMALS | antelope_and_grazers:GRAZING ANIMALS | american_east_cities:EAST COAST,Word-level casing/proper-noun flag is unsafe across multiple meanings. Move display text and proper-noun status to the sense.
748,caribou,caribou,1,0.424,3,3,arctic_animals:ARCTIC ANIMALS | coffee_brands:COFFEE BRANDS | deer_family:DEER FAMILY,Word-level casing/proper-noun flag is unsafe across multiple meanings. Move display text and proper-noun status to the sense.
4687,cooper,cooper,1,0.609,3,3,old_professions:HISTORIC TRADES | historic_jobs:BYGONE JOBS | nature_surnames:SURNAMES FROM TRADES,Word-level casing/proper-noun flag is unsafe across multiple meanings. Move display text and proper-noun status to the sense.
359,crush,crush,1,0.596,3,3,destroying_actions:BREAKING ACTIONS | soda_brands:SODA BRANDS | vineyard_words:VINEYARD WORDS,Word-level casing/proper-noun flag is unsafe across multiple meanings. Move display text and proper-noun status to the sense.
6320,diesel,diesel,1,0.579,3,3,things_that_burn:FUELS | inventors:INVENTORS | gas_station_things:GAS STATION,Word-level casing/proper-noun flag is unsafe across multiple meanings. Move display text and proper-noun status to the sense.
644,goldfish,goldfish,1,0.469,3,3,pets:PETS | snack_brands:SNACK BRANDS | fish_species:FISH,Word-level casing/proper-noun flag is unsafe across multiple meanings. Move display text and proper-noun status to the sense.
4165,greek,greek,1,0.643,3,3,salads:SALADS | languages:LANGUAGES | nationalities:NATIONALITIES,Word-level casing/proper-noun flag is unsafe across multiple meanings. Move display text and proper-noun status to the sense.
4596,hall,hall,1,0.696,3,3,castle_things:CASTLE THINGS | common_surnames:COMMON SURNAMES | rooms_in_public_buildings:PUBLIC ROOMS,Word-level casing/proper-noun flag is unsafe across multiple meanings. Move display text and proper-noun status to the sense.
933,impala,impala,1,0.437,3,3,antelope_and_grazers:GRAZING ANIMALS | car_models:CAR MODELS | deer_family:DEER FAMILY,Word-level casing/proper-noun flag is unsafe across multiple meanings. Move display text and proper-noun status to the sense.
4493,mediterranean,mediterranean,1,0.57,3,3,climate_zones:CLIMATE WORDS | seas_and_oceans:SEAS | world_deserts_and_seas:WORLD REGIONS,Word-level casing/proper-noun flag is unsafe across multiple meanings. Move display text and proper-noun status to the sense.
1162,mobile,mobile,1,0.693,3,3,decorative_things:DECORATIONS | southern_cities:SOUTHERN CITIES | words_after_snow:SNOW ___,Word-level casing/proper-noun flag is unsafe across multiple meanings. Move display text and proper-noun status to the sense.
2198,oxford,oxford,1,0.626,3,3,footwear:FOOTWEAR | shoe_styles:SHOE STYLES | universities:UNIVERSITIES,Word-level casing/proper-noun flag is unsafe across multiple meanings. Move display text and proper-noun status to the sense.
7110,redwood,redwood,1,0.46,3,3,trees:TREES | national_parks_us:NATIONAL PARKS | evergreens:EVERGREEN TREES,Word-level casing/proper-noun flag is unsafe across multiple meanings. Move display text and proper-noun status to the sense.
5754,river,river,1,0.719,3,3,words_before_side:___ SIDE | nature_names:NATURE NAMES | bodies_of_water:BODIES OF WATER,Word-level casing/proper-noun flag is unsafe across multiple meanings. Move display text and proper-noun status to the sense.
6236,sequoia,sequoia,1,0.403,3,3,trees_more:MORE TREES | national_parks_us:NATIONAL PARKS | evergreens:EVERGREEN TREES,Word-level casing/proper-noun flag is unsafe across multiple meanings. Move display text and proper-noun status to the sense.
5811,summer,summer,1,0.747,3,3,words_before_time:___ TIME | nature_names:NATURE NAMES | seasons:SEASONS,Word-level casing/proper-noun flag is unsafe across multiple meanings. Move display text and proper-noun status to the sense.
2433,tango,tango,1,0.511,3,3,world_dances:WORLD DANCES | dance_styles:DANCE STYLES | alphabet_code:RADIO ALPHABET,Word-level casing/proper-noun flag is unsafe across multiple meanings. Move display text and proper-noun status to the sense.
4688,weaver,weaver,1,0.514,3,3,old_professions:HISTORIC TRADES | historic_jobs:BYGONE JOBS | nature_surnames:SURNAMES FROM TRADES,Word-level casing/proper-noun flag is unsafe across multiple meanings. Move display text and proper-noun status to the sense.
6709,Apollo,apollo,1,0.546,3,2,greek_gods:GREEK GODS | roman_gods:ROMAN GODS | spacecraft:SPACECRAFT,Word-level casing/proper-noun flag is unsafe across multiple meanings. Move display text and proper-noun status to the sense.
4256,Colorado,colorado,1,0.637,3,2,us_states:US STATES | rivers:RIVERS | great_lakes_and_us_water:US WATERS,Word-level casing/proper-noun flag is unsafe across multiple meanings. Move display text and proper-noun status to the sense.
4448,Colosseum,colosseum,1,0.406,3,2,famous_landmarks:FAMOUS LANDMARKS | roman_things:ANCIENT ROME | ancient_wonders:WORLD WONDERS,Word-level casing/proper-noun flag is unsafe across multiple meanings. Move display text and proper-noun status to the sense.
1661,Franklin,franklin,1,0.601,3,2,sports_brands:SPORTS BRANDS | famous_americans:FAMOUS AMERICANS | inventors:INVENTORS,Word-level casing/proper-noun flag is unsafe across multiple meanings. Move display text and proper-noun status to the sense.
7328,Grand Canyon,grand canyon,1,0.559,3,2,canyons_and_valleys:CANYONS AND VALLEYS | national_parks_us:NATIONAL PARKS | us_landmarks:US LANDMARKS,Word-level casing/proper-noun flag is unsafe across multiple meanings. Move display text and proper-noun status to the sense.
5922,Hotel,hotel,1,0.707,3,2,alphabet_code:RADIO ALPHABET | kinds_of_buildings:KINDS OF BUILDINGS | places_you_sleep:SLEEPING PLACES,Word-level casing/proper-noun flag is unsafe across multiple meanings. Move display text and proper-noun status to the sense.
6904,James,james,1,0.73,3,2,short_names:SHORT NAMES | royal_names:ROYAL NAMES | boys_names:BOYS NAMES,Word-level casing/proper-noun flag is unsafe across multiple meanings. Move display text and proper-noun status to the sense.
4751,Lighthouse,lighthouse,1,0.507,3,2,ancient_wonders:WORLD WONDERS | harbor_things:HARBOR THINGS | navigation_tools:NAVIGATION TOOLS,Word-level casing/proper-noun flag is unsafe across multiple meanings. Move display text and proper-noun status to the sense.
7664,Lincoln,lincoln,1,0.616,3,2,famous_americans:FAMOUS AMERICANS | us_presidents:US PRESIDENTS | state_capitals:STATE CAPITALS,Word-level casing/proper-noun flag is unsafe across multiple meanings. Move display text and proper-noun status to the sense.
6179,Luke,luke,1,0.636,3,2,bible_books:BIBLE BOOKS | biblical_names:BIBLICAL NAMES | short_names:SHORT NAMES,Word-level casing/proper-noun flag is unsafe across multiple meanings. Move display text and proper-noun status to the sense.
4526,Malta,malta,1,0.506,3,2,islands:ISLANDS | countries_more:MORE COUNTRIES | island_nations:ISLAND NATIONS,Word-level casing/proper-noun flag is unsafe across multiple meanings. Move display text and proper-noun status to the sense.
2027,Nairobi,nairobi,1,0.506,3,2,african_cities:AFRICAN CITIES | capital_cities_more:MORE CAPITALS | world_capitals:WORLD CAPITALS,Word-level casing/proper-noun flag is unsafe across multiple meanings. Move display text and proper-noun status to the sense.
2065,Portland,portland,1,0.597,3,2,american_east_cities:EAST COAST | american_west_cities:WEST COAST | us_cities:US CITIES,Word-level casing/proper-noun flag is unsafe across multiple meanings. Move display text and proper-noun status to the sense.
2137,Sofia,sofia,1,0.534,3,2,capital_cities_more:MORE CAPITALS | spanish_names:SPANISH NAMES | italian_names:ITALIAN NAMES,Word-level casing/proper-noun flag is unsafe across multiple meanings. Move display text and proper-noun status to the sense.
6848,Taylor,taylor,1,0.664,3,2,common_surnames:COMMON SURNAMES | unisex_names:UNISEX NAMES | nature_surnames:SURNAMES FROM TRADES,Word-level casing/proper-noun flag is unsafe across multiple meanings. Move display text and proper-noun status to the sense.
6927,Victoria,victoria,1,0.634,3,2,royal_names:ROYAL NAMES | waterfalls:WATERFALLS | world_lakes:LAKES,Word-level casing/proper-noun flag is unsafe across multiple meanings. Move display text and proper-noun status to the sense.
6128,Washington,washington,1,0.726,3,2,us_states_more:MORE STATES | famous_americans:FAMOUS AMERICANS | us_presidents:US PRESIDENTS,Word-level casing/proper-noun flag is unsafe across multiple meanings. Move display text and proper-noun status to the sense.
5313,baker,baker,1,0.604,3,2,kitchen_jobs:KITCHEN JOBS | night_shift_jobs:NIGHT SHIFT | nature_surnames:SURNAMES FROM TRADES,Word-level casing/proper-noun flag is unsafe across multiple meanings. Move display text and proper-noun status to the sense.
5328,carpenter,carpenter,1,0.544,3,2,building_trades:BUILDING TRADES | jobs_with_tools:JOBS WITH TOOLS | nature_surnames:SURNAMES FROM TRADES,Word-level casing/proper-noun flag is unsafe across multiple meanings. Move display text and proper-noun status to the sense.
5356,farmer,farmer,1,0.593,3,2,farm_jobs:FARM JOBS | jobs_with_animals:JOBS WITH ANIMALS | nature_surnames:SURNAMES FROM TRADES,Word-level casing/proper-noun flag is unsafe across multiple meanings. Move display text and proper-noun status to the sense.
5702,sky,sky,1,0.674,3,2,words_before_light:___ LIGHT | words_before_line:___ LINE | nature_names:NATURE NAMES,Word-level casing/proper-noun flag is unsafe across multiple meanings. Move display text and proper-noun status to the sense.
4441,Arctic,arctic,1,0.576,3,1,continents_and_oceans:CONTINENTS AND OCEANS | climate_zones:CLIMATE WORDS | cold_places:COLD PLACES,Word-level casing/proper-noun flag is unsafe across multiple meanings. Move display text and proper-noun status to the sense.
4453,Acropolis,acropolis,1,0.39,2,2,famous_landmarks:FAMOUS LANDMARKS | world_heritage:ANCIENT SITES,Word-level casing/proper-noun flag is unsafe across multiple meanings. Move display text and proper-noun status to the sense.
6861,Adam,adam,1,0.653,2,2,biblical_names:BIBLICAL NAMES | bible_figures:BIBLE FIGURES,Word-level casing/proper-noun flag is unsafe across multiple meanings. Move display text and proper-noun status to the sense.
1551,Adidas,adidas,1,0.51,2,2,clothing_brands:CLOTHING BRANDS | famous_brands:FAMOUS BRANDS,Word-level casing/proper-noun flag is unsafe across multiple meanings. Move display text and proper-noun status to the sense.
1570,Alaska,alaska,1,0.599,2,2,airlines:AIRLINES | us_states:US STATES,Word-level casing/proper-noun flag is unsafe across multiple meanings. Move display text and proper-noun status to the sense.
2067,Albany,albany,1,0.544,2,2,american_east_cities:EAST COAST | state_capitals:STATE CAPITALS,Word-level casing/proper-noun flag is unsafe across multiple meanings. Move display text and proper-noun status to the sense.
6453,Alien,alien,1,0.613,2,2,famous_movies:FAMOUS MOVIES | science_fiction_space:SCI FI,Word-level casing/proper-noun flag is unsafe across multiple meanings. Move display text and proper-noun status to the sense.
1726,Ally,ally,1,0.586,2,2,bank_brands:BANK BRANDS | relationships:RELATIONSHIP WORDS,Word-level casing/proper-noun flag is unsafe across multiple meanings. Move display text and proper-noun status to the sense.
4461,Alps,alps,1,0.509,2,2,mountain_ranges:MOUNTAIN RANGES | world_deserts_and_seas:WORLD REGIONS,Word-level casing/proper-noun flag is unsafe across multiple meanings. Move display text and proper-noun status to the sense.
2077,Anaheim,anaheim,1,0.494,2,2,american_west_cities:WEST COAST | pepper_varieties:PEPPER VARIETIES,Word-level casing/proper-noun flag is unsafe across multiple meanings. Move display text and proper-noun status to the sense.
6370,Anna,anna,1,0.624,2,2,disney_characters:DISNEY CHARACTERS | german_names:GERMAN NAMES,Word-level casing/proper-noun flag is unsafe across multiple meanings. Move display text and proper-noun status to the sense.
4536,Arabian,arabian,1,0.504,2,2,deserts_and_wild_places:DESERTS | horse_breeds:HORSE BREEDS,Word-level casing/proper-noun flag is unsafe across multiple meanings. Move display text and proper-noun status to the sense.
6499,Armstrong,armstrong,1,0.557,2,2,famous_musicians:MUSIC LEGENDS | famous_americans:FAMOUS AMERICANS,Word-level casing/proper-noun flag is unsafe across multiple meanings. Move display text and proper-noun status to the sense.
6764,Atlantis,atlantis,1,0.49,2,2,legendary_places:LEGENDARY PLACES | spacecraft:SPACECRAFT,Word-level casing/proper-noun flag is unsafe across multiple meanings. Move display text and proper-noun status to the sense.
7797,Augusta,augusta,1,0.513,2,2,state_capitals:STATE CAPITALS | famous_stadiums:FAMOUS STADIUMS,Word-level casing/proper-noun flag is unsafe across multiple meanings. Move display text and proper-noun status to the sense.
4438,Australia,australia,1,0.723,2,2,continents_and_oceans:CONTINENTS AND OCEANS | oceania_places:OCEANIA PLACES,Word-level casing/proper-noun flag is unsafe across multiple meanings. Move display text and proper-noun status to the sense.
6879,Autumn,autumn,1,0.609,2,2,nature_names:NATURE NAMES | seasons:SEASONS,Word-level casing/proper-noun flag is unsafe across multiple meanings. Move display text and proper-noun status to the sense.
3363,Bach,bach,1,0.504,2,2,famous_composers:COMPOSERS | famous_musicians:MUSIC LEGENDS,Word-level casing/proper-noun flag is unsafe across multiple meanings. Move display text and proper-noun status to the sense.
7864,Bahrain,bahrain,1,0.513,2,2,middle_east_places:MIDDLE EAST | island_nations:ISLAND NATIONS,Word-level casing/proper-noun flag is unsafe across multiple meanings. Move display text and proper-noun status to the sense.
6918,Bailey,bailey,1,0.58,2,2,pet_names:PET NAMES | unisex_names:UNISEX NAMES,Word-level casing/proper-noun flag is unsafe across multiple meanings. Move display text and proper-noun status to the sense.
2122,Bali,bali,1,0.527,2,2,resort_towns:RESORT DESTINATIONS | islands:ISLANDS,Word-level casing/proper-noun flag is unsafe across multiple meanings. Move display text and proper-noun status to the sense.
2057,Baltimore,baltimore,1,0.603,2,2,american_east_cities:EAST COAST | us_cities:US CITIES,Word-level casing/proper-noun flag is unsafe across multiple meanings. Move display text and proper-noun status to the sense.
4528,Barbados,barbados,1,0.5,2,2,islands:ISLANDS | caribbean_places:CARIBBEAN PLACES,Word-level casing/proper-noun flag is unsafe across multiple meanings. Move display text and proper-noun status to the sense.
1980,Barcelona,barcelona,1,0.604,2,2,european_cities:EUROPEAN CITIES | world_cities:WORLD CITIES,Word-level casing/proper-noun flag is unsafe across multiple meanings. Move display text and proper-noun status to the sense.
3362,Beethoven,beethoven,1,0.487,2,2,famous_composers:COMPOSERS | famous_musicians:MUSIC LEGENDS,Word-level casing/proper-noun flag is unsafe across multiple meanings. Move display text and proper-noun status to the sense.
2078,Berkeley,berkeley,1,0.561,2,2,american_west_cities:WEST COAST | universities:UNIVERSITIES,Word-level casing/proper-noun flag is unsafe across multiple meanings. Move display text and proper-noun status to the sense.
4447,Big Ben,big ben,1,0.664,2,2,famous_landmarks:FAMOUS LANDMARKS | famous_towers:FAMOUS TOWERS,Word-level casing/proper-noun flag is unsafe across multiple meanings. Move display text and proper-noun status to the sense.
6335,Black Widow,black widow,1,0.58,2,2,superheroes:SUPERHEROES | spiders_and_crawlers:SPIDERS AND CRAWLERS,Word-level casing/proper-noun flag is unsafe across multiple meanings. Move display text and proper-noun status to the sense.
2045,Bogota,bogota,1,0.414,2,2,south_american_cities:LATIN CITIES | world_cities:WORLD CITIES,Word-level casing/proper-noun flag is unsafe across multiple meanings. Move display text and proper-noun status to the sense.
5536,Brooklyn,brooklyn,1,0.607,2,2,famous_bridges:FAMOUS BRIDGES | place_names_as_names:PLACE NAMES,Word-level casing/proper-noun flag is unsafe across multiple meanings. Move display text and proper-noun status to the sense.
2043,Buenos Aires,buenos aires,1,0.469,2,2,south_american_cities:LATIN CITIES | world_cities:WORLD CITIES,Word-level casing/proper-noun flag is unsafe across multiple meanings. Move display text and proper-noun status to the sense.
5551,Burj Khalifa,burj khalifa,1,0.359,2,2,famous_towers:FAMOUS TOWERS | famous_buildings:FAMOUS BUILDINGS,Word-level casing/proper-noun flag is unsafe across multiple meanings. Move display text and proper-noun status to the sense.
9715,Cabernet,cabernet,1,0.411,2,2,grape_varieties:GRAPE VARIETIES | wines_and_drinks:WINE & BEER,Word-level casing/proper-noun flag is unsafe across multiple meanings. Move display text and proper-noun status to the sense.
2025,Cairo,cairo,1,0.549,2,2,african_cities:AFRICAN CITIES | world_capitals:WORLD CAPITALS,Word-level casing/proper-noun flag is unsafe across multiple meanings. Move display text and proper-noun status to the sense.
4254,California,california,1,0.714,2,2,us_states:US STATES | pizza_styles:PIZZA STYLES,Word-level casing/proper-noun flag is unsafe across multiple meanings. Move display text and proper-noun status to the sense.
7813,Caribbean,caribbean,1,0.589,2,2,seas_and_oceans:SEAS | world_deserts_and_seas:WORLD REGIONS,Word-level casing/proper-noun flag is unsafe across multiple meanings. Move display text and proper-noun status to the sense.
9716,Chardonnay,chardonnay,1,0.426,2,2,grape_varieties:GRAPE VARIETIES | wines_and_drinks:WINE & BEER,Word-level casing/proper-noun flag is unsafe across multiple meanings. Move display text and proper-noun status to the sense.
2082,Chicago,chicago,1,0.69,2,2,midwest_cities:MIDWEST CITIES | us_cities:US CITIES,Word-level casing/proper-noun flag is unsafe across multiple meanings. Move display text and proper-noun status to the sense.
4755,Chichen Itza,chichen itza,1,0.257,2,2,ancient_wonders:WORLD WONDERS | world_heritage:ANCIENT SITES,Word-level casing/proper-noun flag is unsafe across multiple meanings. Move display text and proper-noun status to the sense.
5938,Chinese,chinese,1,0.716,2,2,languages:LANGUAGES | nationalities:NATIONALITIES,Word-level casing/proper-noun flag is unsafe across multiple meanings. Move display text and proper-noun status to the sense.
1527,Chipotle,chipotle,1,0.447,2,2,fast_food_chains:FAST FOOD | pepper_varieties:PEPPER VARIETIES,Word-level casing/proper-noun flag is unsafe across multiple meanings. Move display text and proper-noun status to the sense.
7029,Chloe,chloe,1,0.536,2,2,french_names:FRENCH NAMES | girls_names:GIRLS NAMES,Word-level casing/proper-noun flag is unsafe across multiple meanings. Move display text and proper-noun status to the sense.
3364,Chopin,chopin,1,0.42,2,2,famous_composers:COMPOSERS | famous_musicians:MUSIC LEGENDS,Word-level casing/proper-noun flag is unsafe across multiple meanings. Move display text and proper-noun status to the sense.
8152,Christmas,christmas,1,0.701,2,2,religious_holidays:RELIGIOUS HOLIDAYS | holidays:HOLIDAYS,Word-level casing/proper-noun flag is unsafe across multiple meanings. Move display text and proper-noun status to the sense.
6907,Claire,claire,1,0.569,2,2,short_names:SHORT NAMES | french_names:FRENCH NAMES,Word-level casing/proper-noun flag is unsafe across multiple meanings. Move display text and proper-noun status to the sense.
6858,Clark,clark,1,0.626,2,2,common_surnames:COMMON SURNAMES | explorers:EXPLORERS,Word-level casing/proper-noun flag is unsafe across multiple meanings. Move display text and proper-noun status to the sense.
2084,Cleveland,cleveland,1,0.61,2,2,midwest_cities:MIDWEST CITIES | us_cities:US CITIES,Word-level casing/proper-noun flag is unsafe across multiple meanings. Move display text and proper-noun status to the sense.
1991,Cologne,cologne,1,0.51,2,2,european_cities:EUROPEAN CITIES | perfume_words:FRAGRANCE WORDS,Word-level casing/proper-noun flag is unsafe across multiple meanings. Move display text and proper-noun status to the sense.
5587,Columbia,columbia,1,0.629,2,2,universities:UNIVERSITIES | spacecraft:SPACECRAFT,Word-level casing/proper-noun flag is unsafe across multiple meanings. Move display text and proper-noun status to the sense.
7796,Concord,concord,1,0.496,2,2,state_capitals:STATE CAPITALS | grape_varieties:GRAPE VARIETIES,Word-level casing/proper-noun flag is unsafe across multiple meanings. Move display text and proper-noun status to the sense.
4480,Congo,congo,1,0.536,2,2,rivers:RIVERS | world_rivers:WORLD RIVERS,Word-level casing/proper-noun flag is unsafe across multiple meanings. Move display text and proper-noun status to the sense.
1623,Crayola,crayola,1,0.339,2,2,toy_brands:TOY BRANDS | famous_brands:FAMOUS BRANDS,Word-level casing/proper-noun flag is unsafe across multiple meanings. Move display text and proper-noun status to the sense.
6962,Dakota,dakota,1,0.584,2,2,place_names_as_names:PLACE NAMES | unisex_names:UNISEX NAMES,Word-level casing/proper-noun flag is unsafe across multiple meanings. Move display text and proper-noun status to the sense.
4474,Danube,danube,1,0.449,2,2,rivers:RIVERS | world_rivers:WORLD RIVERS,Word-level casing/proper-noun flag is unsafe across multiple meanings. Move display text and proper-noun status to the sense.
4537,Death Valley,death valley,1,0.663,2,2,deserts_and_wild_places:DESERTS | canyons_and_valleys:CANYONS AND VALLEYS,Word-level casing/proper-noun flag is unsafe across multiple meanings. Move display text and proper-noun status to the sense.
7341,Denali,denali,1,0.374,2,2,national_parks_us:NATIONAL PARKS | world_mountains:FAMOUS MOUNTAINS,Word-level casing/proper-noun flag is unsafe across multiple meanings. Move display text and proper-noun status to the sense.
4459,Denver,denver,1,0.604,2,2,us_cities:US CITIES | state_capitals:STATE CAPITALS,Word-level casing/proper-noun flag is unsafe across multiple meanings. Move display text and proper-noun status to the sense.
1903,Disney,disney,1,0.627,2,2,famous_brands:FAMOUS BRANDS | famous_americans:FAMOUS AMERICANS,Word-level casing/proper-noun flag is unsafe across multiple meanings. Move display text and proper-noun status to the sense.
2450,Diwali,diwali,1,0.416,2,2,festivals:WORLD FESTIVALS | religious_holidays:RELIGIOUS HOLIDAYS,Word-level casing/proper-noun flag is unsafe across multiple meanings. Move display text and proper-noun status to the sense.
5947,Dutch,dutch,1,0.63,2,2,languages:LANGUAGES | nationalities:NATIONALITIES,Word-level casing/proper-noun flag is unsafe across multiple meanings. Move display text and proper-noun status to the sense.
8153,Easter,easter,1,0.589,2,2,religious_holidays:RELIGIOUS HOLIDAYS | holidays:HOLIDAYS,Word-level casing/proper-noun flag is unsafe across multiple meanings. Move display text and proper-noun status to the sense.
4334,Egypt,egypt,1,0.636,2,2,african_countries:AFRICAN COUNTRIES | ancient_civilizations:ANCIENT CIVILIZATIONS,Word-level casing/proper-noun flag is unsafe across multiple meanings. Move display text and proper-noun status to the sense.
6926,Elizabeth,elizabeth,1,0.639,2,2,royal_names:ROYAL NAMES | girls_names:GIRLS NAMES,Word-level casing/proper-noun flag is unsafe across multiple meanings. Move display text and proper-noun status to the sense.
6369,Elsa,elsa,1,0.49,2,2,disney_characters:DISNEY CHARACTERS | scandinavian_names:SCANDINAVIAN NAMES,Word-level casing/proper-noun flag is unsafe across multiple meanings. Move display text and proper-noun status to the sense.
4458,Empire State,empire state,1,0.646,2,2,famous_landmarks:FAMOUS LANDMARKS | famous_buildings:FAMOUS BUILDINGS,Word-level casing/proper-noun flag is unsafe across multiple meanings. Move display text and proper-noun status to the sense.
2858,English,english,1,0.741,2,2,school_subjects:SCHOOL SUBJECTS | languages:LANGUAGES,Word-level casing/proper-noun flag is unsafe across multiple meanings. Move display text and proper-noun status to the sense.
7322,Erie,erie,1,0.51,2,2,world_lakes:LAKES | great_lakes_and_us_water:US WATERS,Word-level casing/proper-noun flag is unsafe across multiple meanings. Move display text and proper-noun status to the sense.
7298,Etna,etna,1,0.379,2,2,volcanoes:VOLCANOES | world_mountains:FAMOUS MOUNTAINS,Word-level casing/proper-noun flag is unsafe across multiple meanings. Move display text and proper-noun status to the sense.
2080,Eugene,eugene,1,0.543,2,2,american_west_cities:WEST COAST | old_fashioned_names:VINTAGE NAMES,Word-level casing/proper-noun flag is unsafe across multiple meanings. Move display text and proper-noun status to the sense.
4485,Euphrates,euphrates,1,0.413,2,2,rivers:RIVERS | world_rivers:WORLD RIVERS,Word-level casing/proper-noun flag is unsafe across multiple meanings. Move display text and proper-noun status to the sense.
6862,Eve,eve,1,0.617,2,2,biblical_names:BIBLICAL NAMES | bible_figures:BIBLE FIGURES,Word-level casing/proper-noun flag is unsafe across multiple meanings. Move display text and proper-noun status to the sense.
7340,Everglades,everglades,1,0.419,2,2,national_parks_us:NATIONAL PARKS | us_landmarks:US LANDMARKS,Word-level casing/proper-noun flag is unsafe across multiple meanings. Move display text and proper-noun status to the sense.
6163,Exodus,exodus,1,0.527,2,2,bible_books:BIBLE BOOKS | religious_books:SACRED TEXTS,Word-level casing/proper-noun flag is unsafe across multiple meanings. Move display text and proper-noun status to the sense.
6908,Faith,faith,1,0.689,2,2,short_names:SHORT NAMES | prayer_words:PRAYER WORDS,Word-level casing/proper-noun flag is unsafe across multiple meanings. Move display text and proper-noun status to the sense.
1984,Florence,florence,1,0.566,2,2,european_cities:EUROPEAN CITIES | old_fashioned_names:VINTAGE NAMES,Word-level casing/proper-noun flag is unsafe across multiple meanings. Move display text and proper-noun status to the sense.
5936,French,french,1,0.727,2,2,languages:LANGUAGES | nationalities:NATIONALITIES,Word-level casing/proper-noun flag is unsafe across multiple meanings. Move display text and proper-noun status to the sense.
7708,Galileo,galileo,1,0.457,2,2,scientists:FAMOUS SCIENTISTS | spacecraft:SPACECRAFT,Word-level casing/proper-noun flag is unsafe across multiple meanings. Move display text and proper-noun status to the sense.
4478,Ganges,ganges,1,0.417,2,2,rivers:RIVERS | world_rivers:WORLD RIVERS,Word-level casing/proper-noun flag is unsafe across multiple meanings. Move display text and proper-noun status to the sense.
6162,Genesis,genesis,1,0.55,2,2,bible_books:BIBLE BOOKS | religious_books:SACRED TEXTS,Word-level casing/proper-noun flag is unsafe across multiple meanings. Move display text and proper-noun status to the sense.
5937,German,german,1,0.707,2,2,languages:LANGUAGES | nationalities:NATIONALITIES,Word-level casing/proper-noun flag is unsafe across multiple meanings. Move display text and proper-noun status to the sense.
4295,Greece,greece,1,0.611,2,2,european_countries:EUROPEAN COUNTRIES | ancient_civilizations:ANCIENT CIVILIZATIONS,Word-level casing/proper-noun flag is unsafe across multiple meanings. Move display text and proper-noun status to the sense.
5564,Guggenheim,guggenheim,1,0.429,2,2,famous_museums:FAMOUS MUSEUMS | famous_buildings:FAMOUS BUILDINGS,Word-level casing/proper-noun flag is unsafe across multiple meanings. Move display text and proper-noun status to the sense.
1990,Hamburg,hamburg,1,0.517,2,2,european_cities:EUROPEAN CITIES | world_cities:WORLD CITIES,Word-level casing/proper-noun flag is unsafe across multiple meanings. Move display text and proper-noun status to the sense.
8154,Hanukkah,hanukkah,1,0.394,2,2,religious_holidays:RELIGIOUS HOLIDAYS | holidays:HOLIDAYS,Word-level casing/proper-noun flag is unsafe across multiple meanings. Move display text and proper-noun status to the sense.
6925,Henry,henry,1,0.677,2,2,royal_names:ROYAL NAMES | boys_names:BOYS NAMES,Word-level casing/proper-noun flag is unsafe across multiple meanings. Move display text and proper-noun status to the sense.
6741,Hercules,hercules,1,0.514,2,2,greek_heroes:MYTHOLOGICAL HEROES | constellations:CONSTELLATIONS,Word-level casing/proper-noun flag is unsafe across multiple meanings. Move display text and proper-noun status to the sense.
1709,Hermes,hermes,1,0.47,2,2,watch_and_luxury:LUXURY BRANDS | greek_gods:GREEK GODS,Word-level casing/proper-noun flag is unsafe across multiple meanings. Move display text and proper-noun status to the sense.
1493,Hershey,hershey,1,0.434,2,2,candy_brands:CANDY BRANDS | famous_brands:FAMOUS BRANDS,Word-level casing/proper-noun flag is unsafe across multiple meanings. Move display text and proper-noun status to the sense.
7324,Huron,huron,1,0.453,2,2,world_lakes:LAKES | great_lakes_and_us_water:US WATERS,Word-level casing/proper-noun flag is unsafe across multiple meanings. Move display text and proper-noun status to the sense.
4317,India,india,1,0.72,2,2,asian_countries:ASIAN COUNTRIES | alphabet_code:RADIO ALPHABET,Word-level casing/proper-noun flag is unsafe across multiple meanings. Move display text and proper-noun status to the sense.
4442,Indian,indian,1,0.701,2,2,continents_and_oceans:CONTINENTS AND OCEANS | nationalities:NATIONALITIES,Word-level casing/proper-noun flag is unsafe across multiple meanings. Move display text and proper-noun status to the sense.
4321,Indonesia,indonesia,1,0.607,2,2,asian_countries:ASIAN COUNTRIES | island_nations:ISLAND NATIONS,Word-level casing/proper-noun flag is unsafe across multiple meanings. Move display text and proper-noun status to the sense.
4329,Iran,iran,1,0.66,2,2,asian_countries:ASIAN COUNTRIES | middle_east_places:MIDDLE EAST,Word-level casing/proper-noun flag is unsafe across multiple meanings. Move display text and proper-noun status to the sense.
6174,Isaiah,isaiah,1,0.514,2,2,bible_books:BIBLE BOOKS | biblical_names:BIBLICAL NAMES,Word-level casing/proper-noun flag is unsafe across multiple meanings. Move display text and proper-noun status to the sense.
5942,Italian,italian,1,0.666,2,2,languages:LANGUAGES | nationalities:NATIONALITIES,Word-level casing/proper-noun flag is unsafe across multiple meanings. Move display text and proper-noun status to the sense.
6851,Jackson,jackson,1,0.654,2,2,common_surnames:COMMON SURNAMES | us_presidents:US PRESIDENTS,Word-level casing/proper-noun flag is unsafe across multiple meanings. Move display text and proper-noun status to the sense.
7562,Jacob,jacob,1,0.604,2,2,boys_names:BOYS NAMES | bible_figures:BIBLE FIGURES,Word-level casing/proper-noun flag is unsafe across multiple meanings. Move display text and proper-noun status to the sense.
2012,Jakarta,jakarta,1,0.524,2,2,asian_cities:ASIAN CITIES | world_cities:WORLD CITIES,Word-level casing/proper-noun flag is unsafe across multiple meanings. Move display text and proper-noun status to the sense.
4316,Japan,japan,1,0.699,2,2,asian_countries:ASIAN COUNTRIES | island_nations:ISLAND NATIONS,Word-level casing/proper-noun flag is unsafe across multiple meanings. Move display text and proper-noun status to the sense.
5939,Japanese,japanese,1,0.687,2,2,languages:LANGUAGES | nationalities:NATIONALITIES,Word-level casing/proper-noun flag is unsafe across multiple meanings. Move display text and proper-noun status to the sense.
6939,Jim,jim,1,0.66,2,2,nicknames_for_names:NAME SHORTENINGS | nicknames:NICKNAMES,Word-level casing/proper-noun flag is unsafe across multiple meanings. Move display text and proper-noun status to the sense.
6842,Johnson,johnson,1,0.674,2,2,common_surnames:COMMON SURNAMES | us_presidents:US PRESIDENTS,Word-level casing/proper-noun flag is unsafe across multiple meanings. Move display text and proper-noun status to the sense.
6177,Jonah,jonah,1,0.504,2,2,bible_books:BIBLE BOOKS | bible_figures:BIBLE FIGURES,Word-level casing/proper-noun flag is unsafe across multiple meanings. Move display text and proper-noun status to the sense.
7558,Joseph,joseph,1,0.646,2,2,boys_names:BOYS NAMES | bible_figures:BIBLE FIGURES,Word-level casing/proper-noun flag is unsafe across multiple meanings. Move display text and proper-noun status to the sense.
6720,Juno,juno,1,0.453,2,2,roman_gods:ROMAN GODS | spacecraft:SPACECRAFT,Word-level casing/proper-noun flag is unsafe across multiple meanings. Move display text and proper-noun status to the sense.
6719,Jupiter,jupiter,1,0.526,2,2,roman_gods:ROMAN GODS | planets:PLANETS,Word-level casing/proper-noun flag is unsafe across multiple meanings. Move display text and proper-noun status to the sense.
4249,Kansas,kansas,1,0.624,2,2,us_states:US STATES | us_states_more:MORE STATES,Word-level casing/proper-noun flag is unsafe across multiple meanings. Move display text and proper-noun status to the sense.
6899,Kate,kate,1,0.62,2,2,short_names:SHORT NAMES | nicknames:NICKNAMES,Word-level casing/proper-noun flag is unsafe across multiple meanings. Move display text and proper-noun status to the sense.
4335,Kenya,kenya,1,0.59,2,2,african_countries:AFRICAN COUNTRIES | place_names_as_names:PLACE NAMES,Word-level casing/proper-noun flag is unsafe across multiple meanings. Move display text and proper-noun status to the sense.
1667,Kodak,kodak,1,0.466,2,2,camera_and_electronics:ELECTRONICS BRANDS | famous_brands:FAMOUS BRANDS,Word-level casing/proper-noun flag is unsafe across multiple meanings. Move display text and proper-noun status to the sense.
5944,Korean,korean,1,0.641,2,2,languages:LANGUAGES | nationalities:NATIONALITIES,Word-level casing/proper-noun flag is unsafe across multiple meanings. Move display text and proper-noun status to the sense.
4456,Leaning Tower,leaning tower,1,0.541,2,2,famous_landmarks:FAMOUS LANDMARKS | famous_towers:FAMOUS TOWERS,Word-level casing/proper-noun flag is unsafe across multiple meanings. Move display text and proper-noun status to the sense.
1612,Lego,lego,1,0.547,2,2,toy_brands:TOY BRANDS | famous_brands:FAMOUS BRANDS,Word-level casing/proper-noun flag is unsafe across multiple meanings. Move display text and proper-noun status to the sense.
1552,Levi,levi,1,0.506,2,2,clothing_brands:CLOTHING BRANDS | famous_brands:FAMOUS BRANDS,Word-level casing/proper-noun flag is unsafe across multiple meanings. Move display text and proper-noun status to the sense.
6859,Lewis,lewis,1,0.64,2,2,common_surnames:COMMON SURNAMES | explorers:EXPLORERS,Word-level casing/proper-noun flag is unsafe across multiple meanings. Move display text and proper-noun status to the sense.
6991,Liam,liam,1,0.561,2,2,irish_names:IRISH NAMES | boys_names:BOYS NAMES,Word-level casing/proper-noun flag is unsafe across multiple meanings. Move display text and proper-noun status to the sense.
5546,London Bridge,london bridge,1,0.664,2,2,famous_bridges:FAMOUS BRIDGES | nursery_rhymes:NURSERY RHYMES,Word-level casing/proper-noun flag is unsafe across multiple meanings. Move display text and proper-noun status to the sense.
5557,Louvre,louvre,1,0.449,2,2,famous_museums:FAMOUS MUSEUMS | famous_buildings:FAMOUS BUILDINGS,Word-level casing/proper-noun flag is unsafe across multiple meanings. Move display text and proper-noun status to the sense.
4753,Machu Picchu,machu picchu,1,0.329,2,2,ancient_wonders:WORLD WONDERS | world_heritage:ANCIENT SITES,Word-level casing/proper-noun flag is unsafe across multiple meanings. Move display text and proper-noun status to the sense.
4519,Madagascar,madagascar,1,0.484,2,2,islands:ISLANDS | island_nations:ISLAND NATIONS,Word-level casing/proper-noun flag is unsafe across multiple meanings. Move display text and proper-noun status to the sense.
2123,Maldives,maldives,1,0.479,2,2,resort_towns:RESORT DESTINATIONS | island_nations:ISLAND NATIONS,Word-level casing/proper-noun flag is unsafe across multiple meanings. Move display text and proper-noun status to the sense.
1999,Manchester,manchester,1,0.647,2,2,european_cities:EUROPEAN CITIES | world_cities:WORLD CITIES,Word-level casing/proper-noun flag is unsafe across multiple meanings. Move display text and proper-noun status to the sense.
6723,Mars,mars,1,0.61,2,2,roman_gods:ROMAN GODS | planets:PLANETS,Word-level casing/proper-noun flag is unsafe across multiple meanings. Move display text and proper-noun status to the sense.
1993,Marseille,marseille,1,0.463,2,2,european_cities:EUROPEAN CITIES | world_cities:WORLD CITIES,Word-level casing/proper-noun flag is unsafe across multiple meanings. Move display text and proper-noun status to the sense.
1518,McDonalds,mcdonalds,1,0.484,2,2,fast_food_chains:FAST FOOD | famous_brands:FAMOUS BRANDS,Word-level casing/proper-noun flag is unsafe across multiple meanings. Move display text and proper-noun status to the sense.
6942,Meg,meg,1,0.507,2,2,nicknames_for_names:NAME SHORTENINGS | nicknames:NICKNAMES,Word-level casing/proper-noun flag is unsafe across multiple meanings. Move display text and proper-noun status to the sense.
2098,Memphis,memphis,1,0.556,2,2,southern_cities:SOUTHERN CITIES | us_cities:US CITIES,Word-level casing/proper-noun flag is unsafe across multiple meanings. Move display text and proper-noun status to the sense.
9714,Merlot,merlot,1,0.393,2,2,grape_varieties:GRAPE VARIETIES | wines_and_drinks:WINE & BEER,Word-level casing/proper-noun flag is unsafe across multiple meanings. Move display text and proper-noun status to the sense.
2107,Miami,miami,1,0.639,2,2,southern_cities:SOUTHERN CITIES | us_cities:US CITIES,Word-level casing/proper-noun flag is unsafe across multiple meanings. Move display text and proper-noun status to the sense.
5925,Mike,mike,1,0.686,2,2,alphabet_code:RADIO ALPHABET | nicknames:NICKNAMES,Word-level casing/proper-noun flag is unsafe across multiple meanings. Move display text and proper-noun status to the sense.
1982,Milan,milan,1,0.579,2,2,european_cities:EUROPEAN CITIES | world_cities:WORLD CITIES,Word-level casing/proper-noun flag is unsafe across multiple meanings. Move display text and proper-noun status to the sense.
1494,Milky Way,milky way,1,0.5,2,2,candy_brands:CANDY BRANDS | night_sky_things:NIGHT SKY,Word-level casing/proper-noun flag is unsafe across multiple meanings. Move display text and proper-noun status to the sense.
2124,Monaco,monaco,1,0.521,2,2,resort_towns:RESORT DESTINATIONS | countries_more:MORE COUNTRIES,Word-level casing/proper-noun flag is unsafe across multiple meanings. Move display text and proper-noun status to the sense.
4327,Mongolia,mongolia,1,0.477,2,2,asian_countries:ASIAN COUNTRIES | countries_more:MORE COUNTRIES,Word-level casing/proper-noun flag is unsafe across multiple meanings. Move display text and proper-noun status to the sense.
4253,Montana,montana,1,0.579,2,2,us_states:US STATES | sports_legends:SPORTS LEGENDS,Word-level casing/proper-noun flag is unsafe across multiple meanings. Move display text and proper-noun status to the sense.
7089,Morgan,morgan,1,0.631,2,2,unisex_names:UNISEX NAMES | horse_breeds:HORSE BREEDS,Word-level casing/proper-noun flag is unsafe across multiple meanings. Move display text and proper-noun status to the sense.
4455,Mount Rushmore,mount rushmore,1,0.396,2,2,famous_landmarks:FAMOUS LANDMARKS | us_landmarks:US LANDMARKS,Word-level casing/proper-noun flag is unsafe across multiple meanings. Move display text and proper-noun status to the sense.
3361,Mozart,mozart,1,0.489,2,2,famous_composers:COMPOSERS | famous_musicians:MUSIC LEGENDS,Word-level casing/proper-noun flag is unsafe across multiple meanings. Move display text and proper-noun status to the sense.
2008,Mumbai,mumbai,1,0.566,2,2,asian_cities:ASIAN CITIES | world_cities:WORLD CITIES,Word-level casing/proper-noun flag is unsafe across multiple meanings. Move display text and proper-noun status to the sense.
1981,Munich,munich,1,0.564,2,2,european_cities:EUROPEAN CITIES | world_cities:WORLD CITIES,Word-level casing/proper-noun flag is unsafe across multiple meanings. Move display text and proper-noun status to the sense.
1626,Mustang,mustang,1,0.511,2,2,car_models:CAR MODELS | horse_breeds:HORSE BREEDS,Word-level casing/proper-noun flag is unsafe across multiple meanings. Move display text and proper-noun status to the sense.
1985,Naples,naples,1,0.519,2,2,european_cities:EUROPEAN CITIES | world_cities:WORLD CITIES,Word-level casing/proper-noun flag is unsafe across multiple meanings. Move display text and proper-noun status to the sense.
4322,Nepal,nepal,1,0.547,2,2,asian_countries:ASIAN COUNTRIES | countries_more:MORE COUNTRIES,Word-level casing/proper-noun flag is unsafe across multiple meanings. Move display text and proper-noun status to the sense.
6721,Neptune,neptune,1,0.48,2,2,roman_gods:ROMAN GODS | planets:PLANETS,Word-level casing/proper-noun flag is unsafe across multiple meanings. Move display text and proper-noun status to the sense.
4248,Nevada,nevada,1,0.577,2,2,us_states:US STATES | us_states_more:MORE STATES,Word-level casing/proper-noun flag is unsafe across multiple meanings. Move display text and proper-noun status to the sense.
7309,Niagara,niagara,1,0.503,2,2,waterfalls:WATERFALLS | canadian_places:CANADIAN PLACES,Word-level casing/proper-noun flag is unsafe across multiple meanings. Move display text and proper-noun status to the sense.
1550,Nike,nike,1,0.554,2,2,clothing_brands:CLOTHING BRANDS | famous_brands:FAMOUS BRANDS,Word-level casing/proper-noun flag is unsafe across multiple meanings. Move display text and proper-noun status to the sense.
5592,Notre Dame,notre dame,1,0.499,2,2,universities:UNIVERSITIES | famous_buildings:FAMOUS BUILDINGS,Word-level casing/proper-noun flag is unsafe across multiple meanings. Move display text and proper-noun status to the sense.
5926,November,november,1,0.729,2,2,alphabet_code:RADIO ALPHABET | months:MONTHS,Word-level casing/proper-noun flag is unsafe across multiple meanings. Move display text and proper-noun status to the sense.
6730,Odin,odin,1,0.461,2,2,norse_gods:NORSE GODS | scandinavian_names:SCANDINAVIAN NAMES,Word-level casing/proper-noun flag is unsafe across multiple meanings. Move display text and proper-noun status to the sense.
4246,Ohio,ohio,1,0.659,2,2,us_states:US STATES | great_lakes_and_us_water:US WATERS,Word-level casing/proper-noun flag is unsafe across multiple meanings. Move display text and proper-noun status to the sense.
6765,Olympus,olympus,1,0.464,2,2,legendary_places:LEGENDARY PLACES | world_mountains:FAMOUS MOUNTAINS,Word-level casing/proper-noun flag is unsafe across multiple meanings. Move display text and proper-noun status to the sense.
1712,Omega,omega,1,0.54,2,2,watch_and_luxury:LUXURY BRANDS | greek_letters:GREEK LETTERS,Word-level casing/proper-noun flag is unsafe across multiple meanings. Move display text and proper-noun status to the sense.
7323,Ontario,ontario,1,0.601,2,2,world_lakes:LAKES | great_lakes_and_us_water:US WATERS,Word-level casing/proper-noun flag is unsafe across multiple meanings. Move display text and proper-noun status to the sense.
1743,Oracle,oracle,1,0.529,2,2,tech_companies:TECH COMPANIES | fortune_telling:FORTUNE TELLING,Word-level casing/proper-noun flag is unsafe across multiple meanings. Move display text and proper-noun status to the sense.
4250,Oregon,oregon,1,0.614,2,2,us_states:US STATES | us_states_more:MORE STATES,Word-level casing/proper-noun flag is unsafe across multiple meanings. Move display text and proper-noun status to the sense.
1682,Oreo,oreo,1,0.423,2,2,snack_brands:SNACK BRANDS | pet_names:PET NAMES,Word-level casing/proper-noun flag is unsafe across multiple meanings. Move display text and proper-noun status to the sense.
2007,Osaka,osaka,1,0.509,2,2,asian_cities:ASIAN CITIES | world_cities:WORLD CITIES,Word-level casing/proper-noun flag is unsafe across multiple meanings. Move display text and proper-noun status to the sense.
5927,Oscar,oscar,1,0.616,2,2,alphabet_code:RADIO ALPHABET | awards:AWARDS,Word-level casing/proper-noun flag is unsafe across multiple meanings. Move display text and proper-noun status to the sense.
4273,Ottawa,ottawa,1,0.569,2,2,world_capitals:WORLD CAPITALS | canadian_places:CANADIAN PLACES,Word-level casing/proper-noun flag is unsafe across multiple meanings. Move display text and proper-noun status to the sense.
8155,Passover,passover,1,0.454,2,2,religious_holidays:RELIGIOUS HOLIDAYS | holidays:HOLIDAYS,Word-level casing/proper-noun flag is unsafe across multiple meanings. Move display text and proper-noun status to the sense.
6900,Paul,paul,1,0.719,2,2,short_names:SHORT NAMES | bible_figures:BIBLE FIGURES,Word-level casing/proper-noun flag is unsafe across multiple meanings. Move display text and proper-noun status to the sense.
7589,Peg,peg,1,0.499,2,2,nicknames:NICKNAMES | things_that_stick_out:HAMMERED THINGS,Word-level casing/proper-noun flag is unsafe across multiple meanings. Move display text and proper-noun status to the sense.
7883,Pentagon,pentagon,1,0.529,2,2,famous_buildings:FAMOUS BUILDINGS | shapes:SHAPES,Word-level casing/proper-noun flag is unsafe across multiple meanings. Move display text and proper-noun status to the sense.
1476,Pepsi,pepsi,1,0.491,2,2,soda_brands:SODA BRANDS | famous_brands:FAMOUS BRANDS,Word-level casing/proper-noun flag is unsafe across multiple meanings. Move display text and proper-noun status to the sense.
6744,Perseus,perseus,1,0.391,2,2,greek_heroes:MYTHOLOGICAL HEROES | constellations:CONSTELLATIONS,Word-level casing/proper-noun flag is unsafe across multiple meanings. Move display text and proper-noun status to the sense.
4754,Petra,petra,1,0.467,2,2,ancient_wonders:WORLD WONDERS | world_heritage:ANCIENT SITES,Word-level casing/proper-noun flag is unsafe across multiple meanings. Move display text and proper-noun status to the sense.
2056,Philadelphia,philadelphia,1,0.631,2,2,american_east_cities:EAST COAST | us_cities:US CITIES,Word-level casing/proper-noun flag is unsafe across multiple meanings. Move display text and proper-noun status to the sense.
4324,Philippines,philippines,1,0.613,2,2,asian_countries:ASIAN COUNTRIES | island_nations:ISLAND NATIONS,Word-level casing/proper-noun flag is unsafe across multiple meanings. Move display text and proper-noun status to the sense.
1671,Pioneer,pioneer,1,0.559,2,2,camera_and_electronics:ELECTRONICS BRANDS | spacecraft:SPACECRAFT,Word-level casing/proper-noun flag is unsafe across multiple meanings. Move display text and proper-noun status to the sense.
6171,Psalms,psalms,1,0.474,2,2,bible_books:BIBLE BOOKS | religious_books:SACRED TEXTS,Word-level casing/proper-noun flag is unsafe across multiple meanings. Move display text and proper-noun status to the sense.
5929,Quebec,quebec,1,0.567,2,2,alphabet_code:RADIO ALPHABET | canadian_places:CANADIAN PLACES,Word-level casing/proper-noun flag is unsafe across multiple meanings. Move display text and proper-noun status to the sense.
6865,Rachel,rachel,1,0.593,2,2,biblical_names:BIBLICAL NAMES | girls_names:GIRLS NAMES,Word-level casing/proper-noun flag is unsafe across multiple meanings. Move display text and proper-noun status to the sense.
7308,Rainier,rainier,1,0.41,2,2,volcanoes:VOLCANOES | world_mountains:FAMOUS MOUNTAINS,Word-level casing/proper-noun flag is unsafe across multiple meanings. Move display text and proper-noun status to the sense.
2108,Raleigh,raleigh,1,0.513,2,2,southern_cities:SOUTHERN CITIES | state_capitals:STATE CAPITALS,Word-level casing/proper-noun flag is unsafe across multiple meanings. Move display text and proper-noun status to the sense.
4476,Rhine,rhine,1,0.469,2,2,rivers:RIVERS | world_rivers:WORLD RIVERS,Word-level casing/proper-noun flag is unsafe across multiple meanings. Move display text and proper-noun status to the sense.
2063,Richmond,richmond,1,0.589,2,2,american_east_cities:EAST COAST | state_capitals:STATE CAPITALS,Word-level casing/proper-noun flag is unsafe across multiple meanings. Move display text and proper-noun status to the sense.
9718,Riesling,riesling,1,0.367,2,2,grape_varieties:GRAPE VARIETIES | wines_and_drinks:WINE & BEER,Word-level casing/proper-noun flag is unsafe across multiple meanings. Move display text and proper-noun status to the sense.
4484,Rio Grande,rio grande,1,0.546,2,2,rivers:RIVERS | great_lakes_and_us_water:US WATERS,Word-level casing/proper-noun flag is unsafe across multiple meanings. Move display text and proper-noun status to the sense.
2041,Rio de Janeiro,rio de janeiro,1,0.493,2,2,south_american_cities:LATIN CITIES | world_cities:WORLD CITIES,Word-level casing/proper-noun flag is unsafe across multiple meanings. Move display text and proper-noun status to the sense.
2128,Riyadh,riyadh,1,0.443,2,2,capital_cities_more:MORE CAPITALS | middle_east_places:MIDDLE EAST,Word-level casing/proper-noun flag is unsafe across multiple meanings. Move display text and proper-noun status to the sense.
6857,Robinson,robinson,1,0.601,2,2,common_surnames:COMMON SURNAMES | sports_legends:SPORTS LEGENDS,Word-level casing/proper-noun flag is unsafe across multiple meanings. Move display text and proper-noun status to the sense.
6443,Rocky,rocky,1,0.594,2,2,famous_movies:FAMOUS MOVIES | pet_names:PET NAMES,Word-level casing/proper-noun flag is unsafe across multiple meanings. Move display text and proper-noun status to the sense.
5940,Russian,russian,1,0.716,2,2,languages:LANGUAGES | nationalities:NATIONALITIES,Word-level casing/proper-noun flag is unsafe across multiple meanings. Move display text and proper-noun status to the sense.
2072,Sacramento,sacramento,1,0.551,2,2,american_west_cities:WEST COAST | state_capitals:STATE CAPITALS,Word-level casing/proper-noun flag is unsafe across multiple meanings. Move display text and proper-noun status to the sense.
4530,Sahara,sahara,1,0.486,2,2,deserts_and_wild_places:DESERTS | world_deserts_and_seas:WORLD REGIONS,Word-level casing/proper-noun flag is unsafe across multiple meanings. Move display text and proper-noun status to the sense.
7093,Sam,sam,1,0.663,2,2,unisex_names:UNISEX NAMES | nicknames:NICKNAMES,Word-level casing/proper-noun flag is unsafe across multiple meanings. Move display text and proper-noun status to the sense.
1596,Samsung,samsung,1,0.589,2,2,appliance_brands:APPLIANCE BRANDS | tech_companies:TECH COMPANIES,Word-level casing/proper-noun flag is unsafe across multiple meanings. Move display text and proper-noun status to the sense.
6867,Samuel,samuel,1,0.599,2,2,biblical_names:BIBLICAL NAMES | boys_names:BOYS NAMES,Word-level casing/proper-noun flag is unsafe across multiple meanings. Move display text and proper-noun status to the sense.
2044,Santiago,santiago,1,0.523,2,2,south_american_cities:LATIN CITIES | world_cities:WORLD CITIES,Word-level casing/proper-noun flag is unsafe across multiple meanings. Move display text and proper-noun status to the sense.
6864,Sarah,sarah,1,0.64,2,2,biblical_names:BIBLICAL NAMES | girls_names:GIRLS NAMES,Word-level casing/proper-noun flag is unsafe across multiple meanings. Move display text and proper-noun status to the sense.
6729,Saturn,saturn,1,0.506,2,2,roman_gods:ROMAN GODS | planets:PLANETS,Word-level casing/proper-noun flag is unsafe across multiple meanings. Move display text and proper-noun status to the sense.
2059,Savannah,savannah,1,0.517,2,2,american_east_cities:EAST COAST | place_names_as_names:PLACE NAMES,Word-level casing/proper-noun flag is unsafe across multiple meanings. Move display text and proper-noun status to the sense.
2069,Seattle,seattle,1,0.627,2,2,american_west_cities:WEST COAST | us_cities:US CITIES,Word-level casing/proper-noun flag is unsafe across multiple meanings. Move display text and proper-noun status to the sense.
2005,Shanghai,shanghai,1,0.577,2,2,asian_cities:ASIAN CITIES | world_cities:WORLD CITIES,Word-level casing/proper-noun flag is unsafe across multiple meanings. Move display text and proper-noun status to the sense.
6841,Smith,smith,1,0.699,2,2,common_surnames:COMMON SURNAMES | nature_surnames:SURNAMES FROM TRADES,Word-level casing/proper-noun flag is unsafe across multiple meanings. Move display text and proper-noun status to the sense.
1528,Sonic,sonic,1,0.561,2,2,fast_food_chains:FAST FOOD | video_game_classics:RETRO GAMES,Word-level casing/proper-noun flag is unsafe across multiple meanings. Move display text and proper-noun status to the sense.
1663,Sony,sony,1,0.599,2,2,camera_and_electronics:ELECTRONICS BRANDS | tech_companies:TECH COMPANIES,Word-level casing/proper-noun flag is unsafe across multiple meanings. Move display text and proper-noun status to the sense.
5549,Space Needle,space needle,1,0.566,2,2,famous_towers:FAMOUS TOWERS | us_landmarks:US LANDMARKS,Word-level casing/proper-noun flag is unsafe across multiple meanings. Move display text and proper-noun status to the sense.
1571,Spirit,spirit,1,0.684,2,2,airlines:AIRLINES | heaven_and_afterlife:AFTERLIFE WORDS,Word-level casing/proper-noun flag is unsafe across multiple meanings. Move display text and proper-noun status to the sense.
1477,Sprite,sprite,1,0.456,2,2,soda_brands:SODA BRANDS | magic_creatures:MAGICAL BEINGS,Word-level casing/proper-noun flag is unsafe across multiple meanings. Move display text and proper-noun status to the sense.
4450,Statue of Liberty,statue of liberty,1,0.557,2,2,famous_landmarks:FAMOUS LANDMARKS | us_landmarks:US LANDMARKS,Word-level casing/proper-noun flag is unsafe across multiple meanings. Move display text and proper-noun status to the sense.
6943,Sue,sue,1,0.603,2,2,nicknames_for_names:NAME SHORTENINGS | nicknames:NICKNAMES,Word-level casing/proper-noun flag is unsafe across multiple meanings. Move display text and proper-noun status to the sense.
7318,Superior,superior,1,0.637,2,2,world_lakes:LAKES | great_lakes_and_us_water:US WATERS,Word-level casing/proper-noun flag is unsafe across multiple meanings. Move display text and proper-noun status to the sense.
5948,Swedish,swedish,1,0.601,2,2,languages:LANGUAGES | nationalities:NATIONALITIES,Word-level casing/proper-noun flag is unsafe across multiple meanings. Move display text and proper-noun status to the sense.
6963,Sydney,sydney,1,0.647,2,2,place_names_as_names:PLACE NAMES | world_cities:WORLD CITIES,Word-level casing/proper-noun flag is unsafe across multiple meanings. Move display text and proper-noun status to the sense.
4524,Tahiti,tahiti,1,0.434,2,2,islands:ISLANDS | oceania_places:OCEANIA PLACES,Word-level casing/proper-noun flag is unsafe across multiple meanings. Move display text and proper-noun status to the sense.
1535,Target,target,1,0.689,2,2,retail_stores:RETAIL STORES | archery_words:ARCHERY WORDS,Word-level casing/proper-noun flag is unsafe across multiple meanings. Move display text and proper-noun status to the sense.
6945,Ted,ted,1,0.609,2,2,nicknames_for_names:NAME SHORTENINGS | nicknames:NICKNAMES,Word-level casing/proper-noun flag is unsafe across multiple meanings. Move display text and proper-noun status to the sense.
6417,Tempest,tempest,1,0.47,2,2,shakespeare_plays:SHAKESPEARE PLAYS | storms:STORMS,Word-level casing/proper-noun flag is unsafe across multiple meanings. Move display text and proper-noun status to the sense.
1752,Tesla,tesla,1,0.539,2,2,tech_companies:TECH COMPANIES | inventors:INVENTORS,Word-level casing/proper-noun flag is unsafe across multiple meanings. Move display text and proper-noun status to the sense.
4475,Thames,thames,1,0.533,2,2,rivers:RIVERS | world_rivers:WORLD RIVERS,Word-level casing/proper-noun flag is unsafe across multiple meanings. Move display text and proper-noun status to the sense.
6850,Thomas,thomas,1,0.691,2,2,common_surnames:COMMON SURNAMES | boys_names:BOYS NAMES,Word-level casing/proper-noun flag is unsafe across multiple meanings. Move display text and proper-noun status to the sense.
6854,Thompson,thompson,1,0.611,2,2,common_surnames:COMMON SURNAMES | grape_varieties:GRAPE VARIETIES,Word-level casing/proper-noun flag is unsafe across multiple meanings. Move display text and proper-noun status to the sense.
6967,Trenton,trenton,1,0.47,2,2,place_names_as_names:PLACE NAMES | state_capitals:STATE CAPITALS,Word-level casing/proper-noun flag is unsafe across multiple meanings. Move display text and proper-noun status to the sense.
4580,Troy,troy,1,0.564,2,2,ancient_civilizations:ANCIENT CIVILIZATIONS | legendary_places:LEGENDARY PLACES,Word-level casing/proper-noun flag is unsafe across multiple meanings. Move display text and proper-noun status to the sense.
4251,Utah,utah,1,0.604,2,2,us_states:US STATES | us_states_more:MORE STATES,Word-level casing/proper-noun flag is unsafe across multiple meanings. Move display text and proper-noun status to the sense.
1983,Venice,venice,1,0.561,2,2,european_cities:EUROPEAN CITIES | world_cities:WORLD CITIES,Word-level casing/proper-noun flag is unsafe across multiple meanings. Move display text and proper-noun status to the sense.
6724,Venus,venus,1,0.544,2,2,roman_gods:ROMAN GODS | planets:PLANETS,Word-level casing/proper-noun flag is unsafe across multiple meanings. Move display text and proper-noun status to the sense.
7297,Vesuvius,vesuvius,1,0.381,2,2,volcanoes:VOLCANOES | world_mountains:FAMOUS MOUNTAINS,Word-level casing/proper-noun flag is unsafe across multiple meanings. Move display text and proper-noun status to the sense.
4320,Vietnam,vietnam,1,0.616,2,2,asian_countries:ASIAN COUNTRIES | wars:FAMOUS WARS,Word-level casing/proper-noun flag is unsafe across multiple meanings. Move display text and proper-noun status to the sense.
1718,Visa,visa,1,0.59,2,2,bank_brands:BANK BRANDS | travel_documents:TRAVEL THINGS,Word-level casing/proper-noun flag is unsafe across multiple meanings. Move display text and proper-noun status to the sense.
4477,Volga,volga,1,0.394,2,2,rivers:RIVERS | world_rivers:WORLD RIVERS,Word-level casing/proper-noun flag is unsafe across multiple meanings. Move display text and proper-noun status to the sense.
1589,Whirlpool,whirlpool,1,0.427,2,2,appliance_brands:APPLIANCE BRANDS | sea_myths:SEA LEGENDS,Word-level casing/proper-noun flag is unsafe across multiple meanings. Move display text and proper-noun status to the sense.
5933,Whiskey,whiskey,1,0.54,2,2,alphabet_code:RADIO ALPHABET | world_teas_and_drinks:TRADITIONAL DRINKS,Word-level casing/proper-noun flag is unsafe across multiple meanings. Move display text and proper-noun status to the sense.
4457,White House,white house,1,0.757,2,2,famous_landmarks:FAMOUS LANDMARKS | us_landmarks:US LANDMARKS,Word-level casing/proper-noun flag is unsafe across multiple meanings. Move display text and proper-noun status to the sense.
7701,Whitney,whitney,1,0.531,2,2,inventors:INVENTORS | world_mountains:FAMOUS MOUNTAINS,Word-level casing/proper-noun flag is unsafe across multiple meanings. Move display text and proper-noun status to the sense.
6929,William,william,1,0.697,2,2,royal_names:ROYAL NAMES | boys_names:BOYS NAMES,Word-level casing/proper-noun flag is unsafe across multiple meanings. Move display text and proper-noun status to the sense.
6878,Willow,willow,1,0.527,2,2,nature_names:NATURE NAMES | trees:TREES,Word-level casing/proper-noun flag is unsafe across multiple meanings. Move display text and proper-noun status to the sense.
1557,Wrangler,wrangler,1,0.417,2,2,clothing_brands:CLOTHING BRANDS | jobs_with_animals:JOBS WITH ANIMALS,Word-level casing/proper-noun flag is unsafe across multiple meanings. Move display text and proper-noun status to the sense.
4479,Yangtze,yangtze,1,0.386,2,2,rivers:RIVERS | world_rivers:WORLD RIVERS,Word-level casing/proper-noun flag is unsafe across multiple meanings. Move display text and proper-noun status to the sense.
7337,Yellowstone,yellowstone,1,0.469,2,2,national_parks_us:NATIONAL PARKS | us_landmarks:US LANDMARKS,Word-level casing/proper-noun flag is unsafe across multiple meanings. Move display text and proper-noun status to the sense.
7338,Yosemite,yosemite,1,0.469,2,2,national_parks_us:NATIONAL PARKS | us_landmarks:US LANDMARKS,Word-level casing/proper-noun flag is unsafe across multiple meanings. Move display text and proper-noun status to the sense.
5642,Zeppelin,zeppelin,1,0.47,2,2,famous_ships_planes:FAMOUS AIRCRAFT | aircraft:AIRCRAFT,Word-level casing/proper-noun flag is unsafe across multiple meanings. Move display text and proper-noun status to the sense.
9719,Zinfandel,zinfandel,1,0.31,2,2,grape_varieties:GRAPE VARIETIES | wines_and_drinks:WINE & BEER,Word-level casing/proper-noun flag is unsafe across multiple meanings. Move display text and proper-noun status to the sense.
2380,alpha,alpha,1,0.607,2,2,greek_letters:GREEK LETTERS | alphabet_code:RADIO ALPHABET,Word-level casing/proper-noun flag is unsafe across multiple meanings. Move display text and proper-noun status to the sense.
3257,avatar,avatar,1,0.527,2,2,video_game_words:GAMING WORDS | famous_movies:FAMOUS MOVIES,Word-level casing/proper-noun flag is unsafe across multiple meanings. Move display text and proper-noun status to the sense.
791,beagle,beagle,1,0.437,2,2,dog_breeds:DOG BREEDS | historic_ships:FAMOUS SHIPS,Word-level casing/proper-noun flag is unsafe across multiple meanings. Move display text and proper-noun status to the sense.
6579,cancer,cancer,1,0.704,2,2,diseases:DISEASES | zodiac_signs:ZODIAC SIGNS,Word-level casing/proper-noun flag is unsafe across multiple meanings. Move display text and proper-noun status to the sense.
4694,chandler,chandler,1,0.536,2,2,old_professions:HISTORIC TRADES | nature_surnames:SURNAMES FROM TRADES,Word-level casing/proper-noun flag is unsafe across multiple meanings. Move display text and proper-noun status to the sense.
4703,duke,duke,1,0.636,2,2,royalty:ROYAL WORDS | universities:UNIVERSITIES,Word-level casing/proper-noun flag is unsafe across multiple meanings. Move display text and proper-noun status to the sense.
4710,empire,empire,1,0.649,2,2,royalty:ROYAL WORDS | apple_varieties:APPLE VARIETIES,Word-level casing/proper-noun flag is unsafe across multiple meanings. Move display text and proper-noun status to the sense.
3288,foxtrot,foxtrot,1,0.371,2,2,dance_styles:DANCE STYLES | alphabet_code:RADIO ALPHABET,Word-level casing/proper-noun flag is unsafe across multiple meanings. Move display text and proper-noun status to the sense.
4651,gladiator,gladiator,1,0.456,2,2,roman_things:ANCIENT ROME | famous_movies:FAMOUS MOVIES,Word-level casing/proper-noun flag is unsafe across multiple meanings. Move display text and proper-noun status to the sense.
3131,gospel,gospel,1,0.597,2,2,music_genres:MUSIC GENRES | religious_books:SACRED TEXTS,Word-level casing/proper-noun flag is unsafe across multiple meanings. Move display text and proper-noun status to the sense.
242,mash,mash,1,0.507,2,2,cooking_actions:COOKING ACTIONS | classic_tv_shows:CLASSIC TV,Word-level casing/proper-noun flag is unsafe across multiple meanings. Move display text and proper-noun status to the sense.
2369,mittens,mittens,1,0.411,2,2,kids_clothing:KIDS CLOTHING | pet_names:PET NAMES,Word-level casing/proper-noun flag is unsafe across multiple meanings. Move display text and proper-noun status to the sense.
3146,othello,othello,1,0.427,2,2,board_games:BOARD GAMES | shakespeare_plays:SHAKESPEARE PLAYS,Word-level casing/proper-noun flag is unsafe across multiple meanings. Move display text and proper-noun status to the sense.
2495,panama,panama,1,0.551,2,2,world_hats:WORLD HATS | latin_american_countries:LATIN AMERICA,Word-level casing/proper-noun flag is unsafe across multiple meanings. Move display text and proper-noun status to the sense.
3323,pegasus,pegasus,1,0.45,2,2,fantasy_creatures:MYTHICAL CREATURES | constellations:CONSTELLATIONS,Word-level casing/proper-noun flag is unsafe across multiple meanings. Move display text and proper-noun status to the sense.
4695,potter,potter,1,0.587,2,2,old_professions:HISTORIC TRADES | nature_surnames:SURNAMES FROM TRADES,Word-level casing/proper-noun flag is unsafe across multiple meanings. Move display text and proper-noun status to the sense.
787,puma,puma,1,0.46,2,2,wild_cats:WILD CATS | clothing_brands:CLOTHING BRANDS,Word-level casing/proper-noun flag is unsafe across multiple meanings. Move display text and proper-noun status to the sense.
2589,rich,rich,1,0.701,2,2,taste_words:TASTE WORDS | nicknames_for_names:NAME SHORTENINGS,Word-level casing/proper-noun flag is unsafe across multiple meanings. Move display text and proper-noun status to the sense.
7532,triton,triton,1,0.421,2,2,sea_myths:SEA LEGENDS | moons:MOONS,Word-level casing/proper-noun flag is unsafe across multiple meanings. Move display text and proper-noun status to the sense.
6616,walker,walker,1,0.631,2,2,therapy_words:THERAPY WORDS | common_surnames:COMMON SURNAMES,Word-level casing/proper-noun flag is unsafe across multiple meanings. Move display text and proper-noun status to the sense.
753,wolverine,wolverine,1,0.491,2,2,arctic_animals:ARCTIC ANIMALS | superheroes:SUPERHEROES,Word-level casing/proper-noun flag is unsafe across multiple meanings. Move display text and proper-noun status to the sense.
3556,woody,woody,1,0.546,2,2,perfume_words:FRAGRANCE WORDS | cartoon_characters:CARTOON CHARACTERS,Word-level casing/proper-noun flag is unsafe across multiple meanings. Move display text and proper-noun status to the sense.
4437,Antarctica,antarctica,1,0.504,2,1,continents_and_oceans:CONTINENTS AND OCEANS | cold_places:COLD PLACES,Word-level casing/proper-noun flag is unsafe across multiple meanings. Move display text and proper-noun status to the sense.
1594,Bosch,bosch,1,0.471,2,1,appliance_brands:APPLIANCE BRANDS | tool_brands:TOOL BRANDS,Word-level casing/proper-noun flag is unsafe across multiple meanings. Move display text and proper-noun status to the sense.
2051,Brasilia,brasilia,1,0.367,2,1,south_american_cities:LATIN CITIES | capital_cities_more:MORE CAPITALS,Word-level casing/proper-noun flag is unsafe across multiple meanings. Move display text and proper-noun status to the sense.
1908,Chevrolet,chevrolet,1,0.517,2,1,famous_brands:FAMOUS BRANDS | car_brands:CAR BRANDS,Word-level casing/proper-noun flag is unsafe across multiple meanings. Move display text and proper-noun status to the sense.
6356,Cinderella,cinderella,1,0.493,2,1,disney_characters:DISNEY CHARACTERS | fairy_tales:FAIRY TALES,Word-level casing/proper-noun flag is unsafe across multiple meanings. Move display text and proper-noun status to the sense.
4670,Constitution,constitution,1,0.651,2,1,historic_documents:HISTORIC DOCUMENTS | historic_ships:FAMOUS SHIPS,Word-level casing/proper-noun flag is unsafe across multiple meanings. Move display text and proper-noun status to the sense.
9942,Cyprus,cyprus,1,0.53,2,1,countries_more:MORE COUNTRIES | island_nations:ISLAND NATIONS,Word-level casing/proper-noun flag is unsafe across multiple meanings. Move display text and proper-noun status to the sense.
7665,Edison,edison,1,0.51,2,1,famous_americans:FAMOUS AMERICANS | inventors:INVENTORS,Word-level casing/proper-noun flag is unsafe across multiple meanings. Move display text and proper-noun status to the sense.
6976,Elena,elena,1,0.536,2,1,spanish_names:SPANISH NAMES | italian_names:ITALIAN NAMES,Word-level casing/proper-noun flag is unsafe across multiple meanings. Move display text and proper-noun status to the sense.
6909,George,george,1,0.72,2,1,short_names:SHORT NAMES | royal_names:ROYAL NAMES,Word-level casing/proper-noun flag is unsafe across multiple meanings. Move display text and proper-noun status to the sense.
6713,Hades,hades,1,0.457,2,1,greek_gods:GREEK GODS | legendary_places:LEGENDARY PLACES,Word-level casing/proper-noun flag is unsafe across multiple meanings. Move display text and proper-noun status to the sense.
4258,Hawaii,hawaii,1,0.601,2,1,us_states:US STATES | islands:ISLANDS,Word-level casing/proper-noun flag is unsafe across multiple meanings. Move display text and proper-noun status to the sense.
7033,Ingrid,ingrid,1,0.464,2,1,german_names:GERMAN NAMES | scandinavian_names:SCANDINAVIAN NAMES,Word-level casing/proper-noun flag is unsafe across multiple meanings. Move display text and proper-noun status to the sense.
7667,Jefferson,jefferson,1,0.571,2,1,famous_americans:FAMOUS AMERICANS | us_presidents:US PRESIDENTS,Word-level casing/proper-noun flag is unsafe across multiple meanings. Move display text and proper-noun status to the sense.
7675,Kennedy,kennedy,1,0.611,2,1,famous_americans:FAMOUS AMERICANS | us_presidents:US PRESIDENTS,Word-level casing/proper-noun flag is unsafe across multiple meanings. Move display text and proper-noun status to the sense.
6368,Pinocchio,pinocchio,1,0.419,2,1,disney_characters:DISNEY CHARACTERS | fairy_tales:FAIRY TALES,Word-level casing/proper-noun flag is unsafe across multiple meanings. Move display text and proper-noun status to the sense.
6371,Rapunzel,rapunzel,1,0.399,2,1,disney_characters:DISNEY CHARACTERS | fairy_tales:FAIRY TALES,Word-level casing/proper-noun flag is unsafe across multiple meanings. Move display text and proper-noun status to the sense.
7666,Roosevelt,roosevelt,1,0.556,2,1,famous_americans:FAMOUS AMERICANS | us_presidents:US PRESIDENTS,Word-level casing/proper-noun flag is unsafe across multiple meanings. Move display text and proper-noun status to the sense.
6982,Rosa,rosa,1,0.543,2,1,spanish_names:SPANISH NAMES | italian_names:ITALIAN NAMES,Word-level casing/proper-noun flag is unsafe across multiple meanings. Move display text and proper-noun status to the sense.
6372,Snow White,snow white,1,0.657,2,1,disney_characters:DISNEY CHARACTERS | fairy_tales:FAIRY TALES,Word-level casing/proper-noun flag is unsafe across multiple meanings. Move display text and proper-noun status to the sense.
7808,Toronto,toronto,1,0.641,2,1,world_cities:WORLD CITIES | canadian_places:CANADIAN PLACES,Word-level casing/proper-noun flag is unsafe across multiple meanings. Move display text and proper-noun status to the sense.
7668,Twain,twain,1,0.484,2,1,famous_americans:FAMOUS AMERICANS | authors:FAMOUS AUTHORS,Word-level casing/proper-noun flag is unsafe across multiple meanings. Move display text and proper-noun status to the sense.
7810,Vancouver,vancouver,1,0.594,2,1,world_cities:WORLD CITIES | canadian_places:CANADIAN PLACES,Word-level casing/proper-noun flag is unsafe across multiple meanings. Move display text and proper-noun status to the sense.
7676,Wright,wright,1,0.6,2,1,famous_americans:FAMOUS AMERICANS | inventors:INVENTORS,Word-level casing/proper-noun flag is unsafe across multiple meanings. Move display text and proper-noun status to the sense.
7331,Zion,zion,1,0.494,2,1,canyons_and_valleys:CANYONS AND VALLEYS | national_parks_us:NATIONAL PARKS,Word-level casing/proper-noun flag is unsafe across multiple meanings. Move display text and proper-noun status to the sense.
8618,launch pad,launch pad,1,0.561,2,1,space_agencies_and_places:SPACE PLACES | rocket_parts:ROCKET PARTS,Word-level casing/proper-noun flag is unsafe across multiple meanings. Move display text and proper-noun status to the sense.
8619,observatory,observatory,1,0.53,2,1,space_agencies_and_places:SPACE PLACES | telescope_words:TELESCOPE WORDS,Word-level casing/proper-noun flag is unsafe across multiple meanings. Move display text and proper-noun status to the sense.
